"exam_date","first_name","last_name","email","date_of_birth","gpa","course_name","exam_name","building_name","room_name","capacity","has_projector","has_computers","is_accessible","grade","state"
"2023-12-23","Ava","Lopez","ava.lopez@jsuniversity.edu","2003-09-28","3.05","Physics","Final Exam","Main Building","Room 101","50","t","f","t","67.42","Florida"
"2023-12-23","Noah","Wright","noah.wright@jsuniversity.edu","2003-05-12","3.78","Physics","Final Exam","Engineering Building","Room 801","80","t","t","f","81.36","Illinois"
"2023-12-23","Isabella","Rodriguez","isabella.rodriguez@jsuniversity.edu","2003-08-02","3.25","Physics","Final Exam","Main Building","Room 101","50","t","f","t","96.79","Pennsylvania"
"2023-12-23","Mason","Sanchez","mason.sanchez@jsuniversity.edu","2003-07-19","3.68","Physics","Final Exam","Engineering Building","Room 801","80","t","t","f","75.02","Ohio"
"2023-12-23","Sophia","Gomez","sophia.gomez@jsuniversity.edu","2003-02-28","3.12","Physics","Final Exam","Engineering Building","Room 801","80","t","t","f","73.15","Michigan"
"2023-12-23","Liam","Ramirez","liam.ramirez@jsuniversity.edu","2003-11-08","3.21","Physics","Final Exam","Main Building","Room 101","50","t","f","t","50.84","Georgia"
"2023-11-15","Alice","Johnson","alice.johnson@jsuniversity.edu","2002-08-20","3.12","Physics","Quiz 1","Main Building","Room 101","50","t","f","t","36.00","New York"
"2023-11-15","Emma","Taylor","emma.taylor@jsuniversity.edu","2002-11-28","2.98","Physics","Quiz 1","Main Building","Room 101","50","t","f","t","9.73","Florida"
"2023-11-15","Olivia","Anderson","olivia.anderson@jsuniversity.edu","2002-10-05","3.15","Physics","Quiz 1","Main Building","Room A01","100","t","t","t","78.35","Pennsylvania"
"2023-11-15","William","Wilson","william.wilson@jsuniversity.edu","2002-09-17","3.33","Physics","Quiz 1","Main Building","Room A01","100","t","t","t","34.16","Ohio"
"2023-11-15","Sophia","Moore","sophia.moore@jsuniversity.edu","2002-04-19","3.75","Physics","Quiz 1","Main Building","Room A01","100","t","t","t","33.89","Michigan"
"2023-11-15","David","Jones","david.jones@jsuniversity.edu","2002-07-30","2.87","Physics","Quiz 1","Main Building","Room A01","100","t","t","t","53.46","Georgia"
"2023-11-15","Mia","Clark","mia.clark@jsuniversity.edu","2002-12-08","3.05","Physics","Quiz 1","Main Building","Room 101","50","t","f","t","40.65","North Carolina"
"2023-11-15","Ethan","White","ethan.white@jsuniversity.edu","2002-02-22","3.42","Physics","Quiz 1","Main Building","Room A01","100","t","t","t","57.89","California"
"2023-11-15","Ava","Garcia","ava.garcia@jsuniversity.edu","2002-01-15","2.98","Physics","Quiz 1","Main Building","Room A01","100","t","t","t","71.11","New York"
"2023-11-15","Sofia","Johnson","sofia.johnson@jsuniversity.edu","2002-07-10","3.15","Physics","Quiz 1","Main Building","Room 101","50","t","f","t","66.71","Florida"
"2023-11-15","Chloe","Perez","chloe.perez@jsuniversity.edu","2002-05-18","3.12","Physics","Quiz 1","Main Building","Room A01","100","t","t","t","75.97","Pennsylvania"
"2023-11-15","Oliver","Martinez","oliver.martinez@jsuniversity.edu","2003-04-15","3.42","Physics","Quiz 1","Main Building","Room A01","100","t","t","t","17.06","California"
"2023-11-15","Evelyn","Gonzalez","evelyn.gonzalez@jsuniversity.edu","2003-06-20","3.18","Physics","Quiz 1","Main Building","Room A01","100","t","t","t","75.41","New York"
"2023-11-15","Liam","Ramirez","liam.ramirez@jsuniversity.edu","2003-11-08","3.21","Physics","Quiz 1","Main Building","Room 101","50","t","f","t","44.78","Georgia"
"2023-11-15","Harper","Torres","harper.torres@jsuniversity.edu","2003-12-15","3.95","Physics","Quiz 1","Main Building","Room A01","100","t","t","t","23.54","North Carolina"
"2023-10-30","Emma","Taylor","emma.taylor@jsuniversity.edu","2002-11-28","2.98","Art","Midterm Exam","Library","Room 901","90","f","f","t","55.99","Florida"
"2023-10-30","Daniel","Miller","daniel.miller@jsuniversity.edu","2002-06-02","3.62","Art","Midterm Exam","Library","Room 501","70","f","f","t","61.70","Illinois"
"2023-10-30","Mia","Clark","mia.clark@jsuniversity.edu","2002-12-08","3.05","Art","Midterm Exam","Library","Room 501","70","f","f","t","42.99","North Carolina"
"2023-10-30","Ava","Garcia","ava.garcia@jsuniversity.edu","2002-01-15","2.98","Art","Midterm Exam","Library","Room 501","70","f","f","t","49.17","New York"
"2023-10-30","Sofia","Johnson","sofia.johnson@jsuniversity.edu","2002-07-10","3.15","Art","Midterm Exam","Library","Room 901","90","f","f","t","95.81","Florida"
"2023-10-30","Chloe","Perez","chloe.perez@jsuniversity.edu","2002-05-18","3.12","Art","Midterm Exam","Library","Room 501","70","f","f","t","69.50","Pennsylvania"
"2023-10-30","Ella","Moore","ella.moore@jsuniversity.edu","2002-10-14","3.21","Art","Midterm Exam","Main Building","Room A01","100","t","t","t","21.59","Georgia"
"2023-10-30","Liam","Roberts","liam.roberts@jsuniversity.edu","2002-09-22","2.95","Art","Midterm Exam","Library","Room 901","90","f","f","t","56.03","North Carolina"
"2023-10-30","Liam","Hernandez","liam.hernandez@jsuniversity.edu","2003-01-10","3.55","Art","Midterm Exam","Library","Room 901","90","f","f","t","47.78","Texas"
"2023-10-30","Ava","Lopez","ava.lopez@jsuniversity.edu","2003-09-28","3.05","Art","Midterm Exam","Library","Room 901","90","f","f","t","76.50","Florida"
"2023-10-30","Noah","Wright","noah.wright@jsuniversity.edu","2003-05-12","3.78","Art","Midterm Exam","Library","Room 901","90","f","f","t","99.93","Illinois"
"2023-10-30","Isabella","Rodriguez","isabella.rodriguez@jsuniversity.edu","2003-08-02","3.25","Art","Midterm Exam","Main Building","Room A01","100","t","t","t","95.51","Pennsylvania"
"2023-10-30","Mason","Sanchez","mason.sanchez@jsuniversity.edu","2003-07-19","3.68","Art","Midterm Exam","Main Building","Room A01","100","t","t","t","17.61","Ohio"
"2023-10-30","Sophia","Gomez","sophia.gomez@jsuniversity.edu","2003-02-28","3.12","Art","Midterm Exam","Main Building","Room A01","100","t","t","t","90.84","Michigan"
"2023-12-27","John","Smith","john.smith@jsuniversity.edu","2002-05-15","3.25","Art","Final Exam","Library","Room 901","90","f","f","t","56.27","California"
"2023-12-27","Michael","Brown","michael.brown@jsuniversity.edu","2002-03-10","3.48","Art","Final Exam","Science Building","Room 201","40","t","t","t","58.00","Texas"
"2023-12-27","Emma","Taylor","emma.taylor@jsuniversity.edu","2002-11-28","2.98","Art","Final Exam","Science Building","Room 201","40","t","t","t","57.49","Florida"
"2023-12-27","Daniel","Miller","daniel.miller@jsuniversity.edu","2002-06-02","3.62","Art","Final Exam","Science Building","Room 201","40","t","t","t","81.00","Illinois"
"2023-12-27","Olivia","Anderson","olivia.anderson@jsuniversity.edu","2002-10-05","3.15","Art","Final Exam","Science Building","Room 601","60","t","t","t","66.09","Pennsylvania"
"2023-12-27","William","Wilson","william.wilson@jsuniversity.edu","2002-09-17","3.33","Art","Final Exam","Library","Room 901","90","f","f","t","94.39","Ohio"
"2023-12-27","Sophia","Moore","sophia.moore@jsuniversity.edu","2002-04-19","3.75","Art","Final Exam","Science Building","Room 201","40","t","t","t","21.56","Michigan"
"2023-12-27","Ava","Garcia","ava.garcia@jsuniversity.edu","2002-01-15","2.98","Art","Final Exam","Science Building","Room 201","40","t","t","t","78.23","New York"
"2023-12-27","Grace","Wilson","grace.wilson@jsuniversity.edu","2002-02-01","3.25","Art","Final Exam","Science Building","Room 601","60","t","t","t","29.65","Michigan"
"2023-12-27","Ella","Moore","ella.moore@jsuniversity.edu","2002-10-14","3.21","Art","Final Exam","Science Building","Room 201","40","t","t","t","13.41","Georgia"
"2023-12-27","Liam","Roberts","liam.roberts@jsuniversity.edu","2002-09-22","2.95","Art","Final Exam","Library","Room 901","90","f","f","t","39.36","North Carolina"
"2023-12-27","Evelyn","Gonzalez","evelyn.gonzalez@jsuniversity.edu","2003-06-20","3.18","Art","Final Exam","Science Building","Room 201","40","t","t","t","96.35","New York"
"2023-12-27","Ava","Lopez","ava.lopez@jsuniversity.edu","2003-09-28","3.05","Art","Final Exam","Library","Room 901","90","f","f","t","43.35","Florida"
"2023-12-27","Isabella","Rodriguez","isabella.rodriguez@jsuniversity.edu","2003-08-02","3.25","Art","Final Exam","Science Building","Room 601","60","t","t","t","11.61","Pennsylvania"
"2023-12-27","Liam","Ramirez","liam.ramirez@jsuniversity.edu","2003-11-08","3.21","Art","Final Exam","Science Building","Room 601","60","t","t","t","95.17","Georgia"
"2023-11-20","John","Smith","john.smith@jsuniversity.edu","2002-05-15","3.25","Art","Project Presentation","Engineering Building","Room 401","60","t","t","f","10.78","California"
"2023-11-20","David","Jones","david.jones@jsuniversity.edu","2002-07-30","2.87","Art","Project Presentation","Main Building","Room A01","100","t","t","t","9.58","Georgia"
"2023-11-20","Ethan","White","ethan.white@jsuniversity.edu","2002-02-22","3.42","Art","Project Presentation","Engineering Building","Room 401","60","t","t","f","76.28","California"
"2023-11-20","Liam","Anderson","liam.anderson@jsuniversity.edu","2002-03-28","3.68","Art","Project Presentation","Engineering Building","Room 401","60","t","t","f","70.48","Texas"
"2023-11-20","Chloe","Perez","chloe.perez@jsuniversity.edu","2002-05-18","3.12","Art","Project Presentation","Arts Building","Room 301","30","f","f","t","68.52","Pennsylvania"
"2023-11-20","Benjamin","Thomas","benjamin.thomas@jsuniversity.edu","2002-08-03","3.78","Art","Project Presentation","Arts Building","Room 301","30","f","f","t","45.82","Ohio"
"2023-11-25","Emma","Taylor","emma.taylor@jsuniversity.edu","2002-11-28","2.98","Economics","Term Paper","Main Building","Room A01","100","t","t","t","26.31","Florida"
"2023-11-25","Daniel","Miller","daniel.miller@jsuniversity.edu","2002-06-02","3.62","Economics","Term Paper","Main Building","Room A01","100","t","t","t","97.05","Illinois"
"2023-11-25","David","Jones","david.jones@jsuniversity.edu","2002-07-30","2.87","Economics","Term Paper","Main Building","Room A01","100","t","t","t","64.02","Georgia"
"2023-11-25","Ethan","White","ethan.white@jsuniversity.edu","2002-02-22","3.42","Economics","Term Paper","Science Building","Room 601","60","t","t","t","51.99","California"
"2023-11-25","Liam","Anderson","liam.anderson@jsuniversity.edu","2002-03-28","3.68","Economics","Term Paper","Library","Room 901","90","f","f","t","26.93","Texas"
"2023-11-25","Sofia","Johnson","sofia.johnson@jsuniversity.edu","2002-07-10","3.15","Economics","Term Paper","Main Building","Room A01","100","t","t","t","47.97","Florida"
"2023-11-25","Grace","Wilson","grace.wilson@jsuniversity.edu","2002-02-01","3.25","Economics","Term Paper","Library","Room 901","90","f","f","t","22.13","Michigan"
"2023-11-25","Liam","Roberts","liam.roberts@jsuniversity.edu","2002-09-22","2.95","Economics","Term Paper","Library","Room 901","90","f","f","t","19.34","North Carolina"
"2023-11-25","Oliver","Martinez","oliver.martinez@jsuniversity.edu","2003-04-15","3.42","Economics","Term Paper","Library","Room 901","90","f","f","t","59.74","California"
"2023-11-25","Liam","Hernandez","liam.hernandez@jsuniversity.edu","2003-01-10","3.55","Economics","Term Paper","Science Building","Room 601","60","t","t","t","70.64","Texas"
"2023-11-25","Liam","Ramirez","liam.ramirez@jsuniversity.edu","2003-11-08","3.21","Economics","Term Paper","Main Building","Room A01","100","t","t","t","44.86","Georgia"
"2023-11-25","Harper","Torres","harper.torres@jsuniversity.edu","2003-12-15","3.95","Economics","Term Paper","Library","Room 901","90","f","f","t","57.87","North Carolina"
"2023-11-05","Michael","Brown","michael.brown@jsuniversity.edu","2002-03-10","3.48","Psychology","Midterm Exam","Science Building","Room 201","40","t","t","t","68.82","Texas"
"2023-11-05","Emma","Taylor","emma.taylor@jsuniversity.edu","2002-11-28","2.98","Psychology","Midterm Exam","Arts Building","Room 701","70","f","f","t","24.66","Florida"
"2023-11-05","Daniel","Miller","daniel.miller@jsuniversity.edu","2002-06-02","3.62","Psychology","Midterm Exam","Science Building","Room 601","60","t","t","t","55.95","Illinois"
"2023-11-05","William","Wilson","william.wilson@jsuniversity.edu","2002-09-17","3.33","Psychology","Midterm Exam","Science Building","Room 601","60","t","t","t","97.87","Ohio"
"2023-11-05","David","Jones","david.jones@jsuniversity.edu","2002-07-30","2.87","Psychology","Midterm Exam","Science Building","Room 201","40","t","t","t","60.64","Georgia"
"2023-11-05","Liam","Anderson","liam.anderson@jsuniversity.edu","2002-03-28","3.68","Psychology","Midterm Exam","Arts Building","Room 701","70","f","f","t","96.84","Texas"
"2023-11-05","Chloe","Perez","chloe.perez@jsuniversity.edu","2002-05-18","3.12","Psychology","Midterm Exam","Science Building","Room 201","40","t","t","t","55.50","Pennsylvania"
"2023-11-05","Grace","Wilson","grace.wilson@jsuniversity.edu","2002-02-01","3.25","Psychology","Midterm Exam","Science Building","Room 201","40","t","t","t","68.81","Michigan"
"2023-11-05","Ella","Moore","ella.moore@jsuniversity.edu","2002-10-14","3.21","Psychology","Midterm Exam","Science Building","Room 201","40","t","t","t","59.82","Georgia"
"2023-11-05","Liam","Roberts","liam.roberts@jsuniversity.edu","2002-09-22","2.95","Psychology","Midterm Exam","Arts Building","Room 701","70","f","f","t","57.43","North Carolina"
"2023-11-05","Oliver","Martinez","oliver.martinez@jsuniversity.edu","2003-04-15","3.42","Psychology","Midterm Exam","Science Building","Room 201","40","t","t","t","44.99","California"
"2023-11-05","Evelyn","Gonzalez","evelyn.gonzalez@jsuniversity.edu","2003-06-20","3.18","Psychology","Midterm Exam","Science Building","Room 601","60","t","t","t","59.44","New York"
"2023-11-05","Ava","Lopez","ava.lopez@jsuniversity.edu","2003-09-28","3.05","Psychology","Midterm Exam","Arts Building","Room 701","70","f","f","t","55.90","Florida"
"2023-11-05","Mason","Sanchez","mason.sanchez@jsuniversity.edu","2003-07-19","3.68","Psychology","Midterm Exam","Science Building","Room 601","60","t","t","t","82.54","Ohio"
"2023-11-05","Sophia","Gomez","sophia.gomez@jsuniversity.edu","2003-02-28","3.12","Psychology","Midterm Exam","Arts Building","Room 701","70","f","f","t","22.64","Michigan"
"2023-11-05","Liam","Ramirez","liam.ramirez@jsuniversity.edu","2003-11-08","3.21","Psychology","Midterm Exam","Science Building","Room 601","60","t","t","t","48.15","Georgia"
"2023-12-31","John","Smith","john.smith@jsuniversity.edu","2002-05-15","3.25","Psychology","Final Exam","Library","Room 501","70","f","f","t","31.47","California"
"2023-12-31","Alice","Johnson","alice.johnson@jsuniversity.edu","2002-08-20","3.12","Psychology","Final Exam","Arts Building","Room 301","30","f","f","t","81.40","New York"
"2023-12-31","Daniel","Miller","daniel.miller@jsuniversity.edu","2002-06-02","3.62","Psychology","Final Exam","Library","Room 501","70","f","f","t","23.03","Illinois"
"2023-12-31","Mia","Clark","mia.clark@jsuniversity.edu","2002-12-08","3.05","Psychology","Final Exam","Arts Building","Room 301","30","f","f","t","83.58","North Carolina"
"2023-12-31","Ava","Garcia","ava.garcia@jsuniversity.edu","2002-01-15","2.98","Psychology","Final Exam","Arts Building","Room 301","30","f","f","t","37.30","New York"
"2023-12-31","Liam","Anderson","liam.anderson@jsuniversity.edu","2002-03-28","3.68","Psychology","Final Exam","Library","Room 501","70","f","f","t","44.10","Texas"
"2023-12-31","Sofia","Johnson","sofia.johnson@jsuniversity.edu","2002-07-10","3.15","Psychology","Final Exam","Arts Building","Room 301","30","f","f","t","57.58","Florida"
"2023-12-31","Lucas","Davis","lucas.davis@jsuniversity.edu","2002-06-05","3.55","Psychology","Final Exam","Library","Room 501","70","f","f","t","13.94","Illinois"
"2023-12-31","Chloe","Perez","chloe.perez@jsuniversity.edu","2002-05-18","3.12","Psychology","Final Exam","Arts Building","Room 301","30","f","f","t","24.54","Pennsylvania"
"2023-12-31","Benjamin","Thomas","benjamin.thomas@jsuniversity.edu","2002-08-03","3.78","Psychology","Final Exam","Arts Building","Room 301","30","f","f","t","60.91","Ohio"
"2023-12-31","Ella","Moore","ella.moore@jsuniversity.edu","2002-10-14","3.21","Psychology","Final Exam","Library","Room 501","70","f","f","t","36.59","Georgia"
"2023-12-31","Ava","Lopez","ava.lopez@jsuniversity.edu","2003-09-28","3.05","Psychology","Final Exam","Library","Room 501","70","f","f","t","80.07","Florida"
"2023-12-31","Noah","Wright","noah.wright@jsuniversity.edu","2003-05-12","3.78","Psychology","Final Exam","Arts Building","Room 301","30","f","f","t","96.82","Illinois"
"2023-12-31","Isabella","Rodriguez","isabella.rodriguez@jsuniversity.edu","2003-08-02","3.25","Psychology","Final Exam","Library","Room 501","70","f","f","t","78.70","Pennsylvania"
"2023-12-31","Harper","Torres","harper.torres@jsuniversity.edu","2003-12-15","3.95","Psychology","Final Exam","Arts Building","Room 301","30","f","f","t","95.64","North Carolina"
"2023-11-08","John","Smith","john.smith@jsuniversity.edu","2002-05-15","3.25","Geology","Midterm Exam","Engineering Building","Room 401","60","t","t","f","28.73","California"
"2023-11-08","Michael","Brown","michael.brown@jsuniversity.edu","2002-03-10","3.48","Geology","Midterm Exam","Library","Room 901","90","f","f","t","18.89","Texas"
"2023-11-08","Daniel","Miller","daniel.miller@jsuniversity.edu","2002-06-02","3.62","Geology","Midterm Exam","Engineering Building","Room 401","60","t","t","f","82.24","Illinois"
"2023-11-08","Olivia","Anderson","olivia.anderson@jsuniversity.edu","2002-10-05","3.15","Geology","Midterm Exam","Engineering Building","Room 401","60","t","t","f","45.30","Pennsylvania"
"2023-11-08","Benjamin","Thomas","benjamin.thomas@jsuniversity.edu","2002-08-03","3.78","Geology","Midterm Exam","Engineering Building","Room 401","60","t","t","f","15.74","Ohio"
"2023-11-08","Grace","Wilson","grace.wilson@jsuniversity.edu","2002-02-01","3.25","Geology","Midterm Exam","Engineering Building","Room 401","60","t","t","f","80.76","Michigan"
"2023-11-08","Evelyn","Gonzalez","evelyn.gonzalez@jsuniversity.edu","2003-06-20","3.18","Geology","Midterm Exam","Engineering Building","Room 401","60","t","t","f","56.53","New York"
"2023-11-08","Liam","Hernandez","liam.hernandez@jsuniversity.edu","2003-01-10","3.55","Geology","Midterm Exam","Engineering Building","Room 401","60","t","t","f","69.62","Texas"
"2023-11-08","Mason","Sanchez","mason.sanchez@jsuniversity.edu","2003-07-19","3.68","Geology","Midterm Exam","Library","Room 901","90","f","f","t","56.88","Ohio"
"2023-11-08","Sophia","Gomez","sophia.gomez@jsuniversity.edu","2003-02-28","3.12","Geology","Midterm Exam","Engineering Building","Room 401","60","t","t","f","31.55","Michigan"
"2024-01-02","Alice","Johnson","alice.johnson@jsuniversity.edu","2002-08-20","3.12","Geology","Final Exam","Science Building","Room 201","40","t","t","t","71.36","New York"
"2024-01-02","Michael","Brown","michael.brown@jsuniversity.edu","2002-03-10","3.48","Geology","Final Exam","Engineering Building","Room 801","80","t","t","f","80.03","Texas"
"2024-01-02","Emma","Taylor","emma.taylor@jsuniversity.edu","2002-11-28","2.98","Geology","Final Exam","Science Building","Room 201","40","t","t","t","85.29","Florida"
"2024-01-02","Daniel","Miller","daniel.miller@jsuniversity.edu","2002-06-02","3.62","Geology","Final Exam","Science Building","Room 201","40","t","t","t","77.79","Illinois"
"2024-01-02","William","Wilson","william.wilson@jsuniversity.edu","2002-09-17","3.33","Geology","Final Exam","Science Building","Room 201","40","t","t","t","17.80","Ohio"
"2024-01-02","Sophia","Moore","sophia.moore@jsuniversity.edu","2002-04-19","3.75","Geology","Final Exam","Science Building","Room 201","40","t","t","t","19.70","Michigan"
"2024-01-02","Mia","Clark","mia.clark@jsuniversity.edu","2002-12-08","3.05","Geology","Final Exam","Engineering Building","Room 801","80","t","t","f","30.83","North Carolina"
"2024-01-02","Ethan","White","ethan.white@jsuniversity.edu","2002-02-22","3.42","Geology","Final Exam","Science Building","Room 201","40","t","t","t","31.03","California"
"2024-01-02","Liam","Anderson","liam.anderson@jsuniversity.edu","2002-03-28","3.68","Geology","Final Exam","Science Building","Room 201","40","t","t","t","36.96","Texas"
"2024-01-02","Lucas","Davis","lucas.davis@jsuniversity.edu","2002-06-05","3.55","Geology","Final Exam","Science Building","Room 201","40","t","t","t","27.06","Illinois"
"2024-01-02","Grace","Wilson","grace.wilson@jsuniversity.edu","2002-02-01","3.25","Geology","Final Exam","Engineering Building","Room 801","80","t","t","f","36.55","Michigan"
"2024-01-02","Ella","Moore","ella.moore@jsuniversity.edu","2002-10-14","3.21","Geology","Final Exam","Science Building","Room 201","40","t","t","t","39.54","Georgia"
"2024-01-02","Liam","Roberts","liam.roberts@jsuniversity.edu","2002-09-22","2.95","Geology","Final Exam","Engineering Building","Room 801","80","t","t","f","77.27","North Carolina"
"2024-01-02","Oliver","Martinez","oliver.martinez@jsuniversity.edu","2003-04-15","3.42","Geology","Final Exam","Science Building","Room 201","40","t","t","t","72.66","California"
"2024-01-02","Evelyn","Gonzalez","evelyn.gonzalez@jsuniversity.edu","2003-06-20","3.18","Geology","Final Exam","Science Building","Room 201","40","t","t","t","86.92","New York"
"2024-01-02","Ava","Lopez","ava.lopez@jsuniversity.edu","2003-09-28","3.05","Geology","Final Exam","Engineering Building","Room 801","80","t","t","f","22.92","Florida"
"2024-01-02","Sophia","Gomez","sophia.gomez@jsuniversity.edu","2003-02-28","3.12","Geology","Final Exam","Engineering Building","Room 801","80","t","t","f","59.61","Michigan"
"2024-01-02","Liam","Ramirez","liam.ramirez@jsuniversity.edu","2003-11-08","3.21","Geology","Final Exam","Science Building","Room 201","40","t","t","t","43.42","Georgia"
"2024-01-02","Harper","Torres","harper.torres@jsuniversity.edu","2003-12-15","3.95","Geology","Final Exam","Engineering Building","Room 801","80","t","t","f","74.48","North Carolina"
"2023-11-10","Michael","Brown","michael.brown@jsuniversity.edu","2002-03-10","3.48","Sociology","Midterm Exam","Arts Building","Room 301","30","f","f","t","28.19","Texas"
"2024-01-05","Mia","Clark","mia.clark@jsuniversity.edu","2002-12-08","3.05","Sociology","Final Exam","Library","Room 901","90","f","f","t","28.29","North Carolina"
"2024-01-05","Sofia","Johnson","sofia.johnson@jsuniversity.edu","2002-07-10","3.15","Sociology","Final Exam","Library","Room 901","90","f","f","t","8.98","Florida"
"2024-01-05","Benjamin","Thomas","benjamin.thomas@jsuniversity.edu","2002-08-03","3.78","Sociology","Final Exam","Library","Room 901","90","f","f","t","95.41","Ohio"
"2024-01-05","Evelyn","Gonzalez","evelyn.gonzalez@jsuniversity.edu","2003-06-20","3.18","Sociology","Final Exam","Library","Room 901","90","f","f","t","65.08","New York"
"2024-01-05","Liam","Hernandez","liam.hernandez@jsuniversity.edu","2003-01-10","3.55","Sociology","Final Exam","Library","Room 901","90","f","f","t","95.06","Texas"
"2024-01-05","Ava","Lopez","ava.lopez@jsuniversity.edu","2003-09-28","3.05","Sociology","Final Exam","Library","Room 901","90","f","f","t","13.08","Florida"
"2024-01-05","Noah","Wright","noah.wright@jsuniversity.edu","2003-05-12","3.78","Sociology","Final Exam","Library","Room 901","90","f","f","t","64.97","Illinois"
"2024-01-05","Isabella","Rodriguez","isabella.rodriguez@jsuniversity.edu","2003-08-02","3.25","Sociology","Final Exam","Library","Room 901","90","f","f","t","75.15","Pennsylvania"
"2023-11-15","Michael","Brown","michael.brown@jsuniversity.edu","2002-03-10","3.48","Music","Midterm Exam","Science Building","Room 201","40","t","t","t","84.28","Texas"
"2023-11-15","Daniel","Miller","daniel.miller@jsuniversity.edu","2002-06-02","3.62","Music","Midterm Exam","Science Building","Room 201","40","t","t","t","73.15","Illinois"
"2023-11-15","William","Wilson","william.wilson@jsuniversity.edu","2002-09-17","3.33","Music","Midterm Exam","Arts Building","Room 301","30","f","f","t","55.43","Ohio"
"2023-11-15","David","Jones","david.jones@jsuniversity.edu","2002-07-30","2.87","Music","Midterm Exam","Science Building","Room 201","40","t","t","t","13.36","Georgia"
"2023-11-15","Ethan","White","ethan.white@jsuniversity.edu","2002-02-22","3.42","Music","Midterm Exam","Arts Building","Room 301","30","f","f","t","43.15","California"
"2023-11-15","Sofia","Johnson","sofia.johnson@jsuniversity.edu","2002-07-10","3.15","Music","Midterm Exam","Main Building","Room A01","100","t","t","t","60.43","Florida"
"2023-11-15","Lucas","Davis","lucas.davis@jsuniversity.edu","2002-06-05","3.55","Music","Midterm Exam","Science Building","Room 201","40","t","t","t","92.03","Illinois"
"2023-11-15","Chloe","Perez","chloe.perez@jsuniversity.edu","2002-05-18","3.12","Music","Midterm Exam","Arts Building","Room 301","30","f","f","t","69.51","Pennsylvania"
"2023-11-15","Benjamin","Thomas","benjamin.thomas@jsuniversity.edu","2002-08-03","3.78","Music","Midterm Exam","Main Building","Room A01","100","t","t","t","50.29","Ohio"
"2023-11-15","Grace","Wilson","grace.wilson@jsuniversity.edu","2002-02-01","3.25","Music","Midterm Exam","Arts Building","Room 301","30","f","f","t","41.53","Michigan"
"2023-11-15","Liam","Roberts","liam.roberts@jsuniversity.edu","2002-09-22","2.95","Music","Midterm Exam","Main Building","Room A01","100","t","t","t","29.27","North Carolina"
"2023-11-15","Oliver","Martinez","oliver.martinez@jsuniversity.edu","2003-04-15","3.42","Music","Midterm Exam","Science Building","Room 201","40","t","t","t","51.78","California"
"2023-11-15","Evelyn","Gonzalez","evelyn.gonzalez@jsuniversity.edu","2003-06-20","3.18","Music","Midterm Exam","Main Building","Room A01","100","t","t","t","32.48","New York"
"2023-11-15","Noah","Wright","noah.wright@jsuniversity.edu","2003-05-12","3.78","Music","Midterm Exam","Main Building","Room A01","100","t","t","t","89.38","Illinois"
"2023-11-15","Mason","Sanchez","mason.sanchez@jsuniversity.edu","2003-07-19","3.68","Music","Midterm Exam","Science Building","Room 201","40","t","t","t","87.18","Ohio"
"2023-11-15","Sophia","Gomez","sophia.gomez@jsuniversity.edu","2003-02-28","3.12","Music","Midterm Exam","Arts Building","Room 301","30","f","f","t","70.97","Michigan"
"2024-01-10","John","Smith","john.smith@jsuniversity.edu","2002-05-15","3.25","Music","Final Exam","Main Building","Room A01","100","t","t","t","39.05","California"
"2024-01-10","Alice","Johnson","alice.johnson@jsuniversity.edu","2002-08-20","3.12","Music","Final Exam","Engineering Building","Room 401","60","t","t","f","94.11","New York"
"2024-01-10","Daniel","Miller","daniel.miller@jsuniversity.edu","2002-06-02","3.62","Music","Final Exam","Engineering Building","Room 401","60","t","t","f","72.39","Illinois"
"2024-01-10","Olivia","Anderson","olivia.anderson@jsuniversity.edu","2002-10-05","3.15","Music","Final Exam","Main Building","Room 101","50","t","f","t","23.93","Pennsylvania"
"2024-01-10","Sophia","Moore","sophia.moore@jsuniversity.edu","2002-04-19","3.75","Music","Final Exam","Engineering Building","Room 401","60","t","t","f","82.95","Michigan"
"2024-01-10","Mia","Clark","mia.clark@jsuniversity.edu","2002-12-08","3.05","Music","Final Exam","Main Building","Room A01","100","t","t","t","82.30","North Carolina"
"2024-01-10","Ethan","White","ethan.white@jsuniversity.edu","2002-02-22","3.42","Music","Final Exam","Engineering Building","Room 401","60","t","t","f","41.94","California"
"2024-01-10","Liam","Anderson","liam.anderson@jsuniversity.edu","2002-03-28","3.68","Music","Final Exam","Main Building","Room A01","100","t","t","t","74.56","Texas"
"2024-01-10","Grace","Wilson","grace.wilson@jsuniversity.edu","2002-02-01","3.25","Music","Final Exam","Main Building","Room A01","100","t","t","t","95.97","Michigan"
"2024-01-10","Ella","Moore","ella.moore@jsuniversity.edu","2002-10-14","3.21","Music","Final Exam","Main Building","Room 101","50","t","f","t","17.37","Georgia"
"2024-01-10","Liam","Roberts","liam.roberts@jsuniversity.edu","2002-09-22","2.95","Music","Final Exam","Engineering Building","Room 401","60","t","t","f","71.84","North Carolina"
"2024-01-10","Ava","Lopez","ava.lopez@jsuniversity.edu","2003-09-28","3.05","Music","Final Exam","Main Building","Room 101","50","t","f","t","94.32","Florida"
"2024-01-10","Noah","Wright","noah.wright@jsuniversity.edu","2003-05-12","3.78","Music","Final Exam","Main Building","Room 101","50","t","f","t","21.10","Illinois"
"2024-01-10","Isabella","Rodriguez","isabella.rodriguez@jsuniversity.edu","2003-08-02","3.25","Music","Final Exam","Engineering Building","Room 401","60","t","t","f","86.24","Pennsylvania"
"2023-11-18","Daniel","Miller","daniel.miller@jsuniversity.edu","2002-06-02","3.62","Political Science","Midterm Exam","Science Building","Room 601","60","t","t","t","38.50","Illinois"
"2023-11-18","Sophia","Moore","sophia.moore@jsuniversity.edu","2002-04-19","3.75","Political Science","Midterm Exam","Science Building","Room 601","60","t","t","t","39.98","Michigan"
"2023-11-18","Mia","Clark","mia.clark@jsuniversity.edu","2002-12-08","3.05","Political Science","Midterm Exam","Main Building","Room 101","50","t","f","t","79.88","North Carolina"
"2023-11-18","Ethan","White","ethan.white@jsuniversity.edu","2002-02-22","3.42","Political Science","Midterm Exam","Science Building","Room 601","60","t","t","t","21.12","California"
"2023-11-18","Ava","Garcia","ava.garcia@jsuniversity.edu","2002-01-15","2.98","Political Science","Midterm Exam","Main Building","Room 101","50","t","f","t","86.27","New York"
"2023-11-18","Liam","Anderson","liam.anderson@jsuniversity.edu","2002-03-28","3.68","Political Science","Midterm Exam","Science Building","Room 601","60","t","t","t","12.98","Texas"
"2023-11-18","Sofia","Johnson","sofia.johnson@jsuniversity.edu","2002-07-10","3.15","Political Science","Midterm Exam","Main Building","Room 101","50","t","f","t","8.58","Florida"
"2023-11-18","Chloe","Perez","chloe.perez@jsuniversity.edu","2002-05-18","3.12","Political Science","Midterm Exam","Science Building","Room 601","60","t","t","t","54.18","Pennsylvania"
"2023-11-18","Grace","Wilson","grace.wilson@jsuniversity.edu","2002-02-01","3.25","Political Science","Midterm Exam","Science Building","Room 601","60","t","t","t","17.24","Michigan"
"2023-11-18","Ella","Moore","ella.moore@jsuniversity.edu","2002-10-14","3.21","Political Science","Midterm Exam","Main Building","Room 101","50","t","f","t","86.41","Georgia"
"2023-11-18","Oliver","Martinez","oliver.martinez@jsuniversity.edu","2003-04-15","3.42","Political Science","Midterm Exam","Science Building","Room 601","60","t","t","t","89.50","California"
"2023-11-18","Liam","Hernandez","liam.hernandez@jsuniversity.edu","2003-01-10","3.55","Political Science","Midterm Exam","Main Building","Room 101","50","t","f","t","58.03","Texas"
"2023-11-18","Isabella","Rodriguez","isabella.rodriguez@jsuniversity.edu","2003-08-02","3.25","Political Science","Midterm Exam","Main Building","Room 101","50","t","f","t","15.13","Pennsylvania"
"2023-11-18","Sophia","Gomez","sophia.gomez@jsuniversity.edu","2003-02-28","3.12","Political Science","Midterm Exam","Main Building","Room 101","50","t","f","t","29.43","Michigan"
"2023-11-18","Liam","Ramirez","liam.ramirez@jsuniversity.edu","2003-11-08","3.21","Political Science","Midterm Exam","Science Building","Room 601","60","t","t","t","74.22","Georgia"
"2024-01-15","Alice","Johnson","alice.johnson@jsuniversity.edu","2002-08-20","3.12","Political Science","Final Exam","Main Building","Room 101","50","t","f","t","28.88","New York"
"2024-01-15","Emma","Taylor","emma.taylor@jsuniversity.edu","2002-11-28","2.98","Political Science","Final Exam","Main Building","Room 101","50","t","f","t","15.30","Florida"
"2024-01-15","Olivia","Anderson","olivia.anderson@jsuniversity.edu","2002-10-05","3.15","Political Science","Final Exam","Main Building","Room 101","50","t","f","t","62.26","Pennsylvania"
"2024-01-15","William","Wilson","william.wilson@jsuniversity.edu","2002-09-17","3.33","Political Science","Final Exam","Science Building","Room 601","60","t","t","t","84.89","Ohio"
"2024-01-15","Mia","Clark","mia.clark@jsuniversity.edu","2002-12-08","3.05","Political Science","Final Exam","Science Building","Room 601","60","t","t","t","25.36","North Carolina"
"2024-01-15","Ethan","White","ethan.white@jsuniversity.edu","2002-02-22","3.42","Political Science","Final Exam","Science Building","Room 601","60","t","t","t","36.29","California"
"2024-01-15","Liam","Anderson","liam.anderson@jsuniversity.edu","2002-03-28","3.68","Political Science","Final Exam","Arts Building","Room 701","70","f","f","t","100.00","Texas"
"2024-01-15","Lucas","Davis","lucas.davis@jsuniversity.edu","2002-06-05","3.55","Political Science","Final Exam","Science Building","Room 601","60","t","t","t","73.80","Illinois"
"2024-01-15","Chloe","Perez","chloe.perez@jsuniversity.edu","2002-05-18","3.12","Political Science","Final Exam","Arts Building","Room 701","70","f","f","t","93.07","Pennsylvania"
"2024-01-15","Benjamin","Thomas","benjamin.thomas@jsuniversity.edu","2002-08-03","3.78","Political Science","Final Exam","Science Building","Room 601","60","t","t","t","57.95","Ohio"
"2024-01-15","Liam","Roberts","liam.roberts@jsuniversity.edu","2002-09-22","2.95","Political Science","Final Exam","Science Building","Room 601","60","t","t","t","88.05","North Carolina"
"2024-01-15","Oliver","Martinez","oliver.martinez@jsuniversity.edu","2003-04-15","3.42","Political Science","Final Exam","Science Building","Room 601","60","t","t","t","37.06","California"
"2024-01-15","Liam","Hernandez","liam.hernandez@jsuniversity.edu","2003-01-10","3.55","Political Science","Final Exam","Science Building","Room 601","60","t","t","t","45.56","Texas"
"2024-01-15","Isabella","Rodriguez","isabella.rodriguez@jsuniversity.edu","2003-08-02","3.25","Political Science","Final Exam","Main Building","Room 101","50","t","f","t","8.40","Pennsylvania"
"2024-01-15","Liam","Ramirez","liam.ramirez@jsuniversity.edu","2003-11-08","3.21","Political Science","Final Exam","Science Building","Room 601","60","t","t","t","14.51","Georgia"
"2024-01-15","Harper","Torres","harper.torres@jsuniversity.edu","2003-12-15","3.95","Political Science","Final Exam","Arts Building","Room 701","70","f","f","t","71.53","North Carolina"
"2023-12-03","John","Smith","john.smith@jsuniversity.edu","2002-05-15","3.25","Political Science","Debate","Main Building","Room 101","50","t","f","t","85.14","California"
"2023-12-03","Alice","Johnson","alice.johnson@jsuniversity.edu","2002-08-20","3.12","Political Science","Debate","Main Building","Room A01","100","t","t","t","89.72","New York"
"2023-12-03","Michael","Brown","michael.brown@jsuniversity.edu","2002-03-10","3.48","Political Science","Debate","Main Building","Room 101","50","t","f","t","17.00","Texas"
"2023-12-03","Daniel","Miller","daniel.miller@jsuniversity.edu","2002-06-02","3.62","Political Science","Debate","Main Building","Room A01","100","t","t","t","15.32","Illinois"
"2023-12-03","Liam","Anderson","liam.anderson@jsuniversity.edu","2002-03-28","3.68","Political Science","Debate","Main Building","Room 101","50","t","f","t","86.06","Texas"
"2023-12-03","Benjamin","Thomas","benjamin.thomas@jsuniversity.edu","2002-08-03","3.78","Political Science","Debate","Main Building","Room 101","50","t","f","t","53.02","Ohio"
"2023-12-03","Grace","Wilson","grace.wilson@jsuniversity.edu","2002-02-01","3.25","Political Science","Debate","Main Building","Room 101","50","t","f","t","69.03","Michigan"
"2023-12-03","Ella","Moore","ella.moore@jsuniversity.edu","2002-10-14","3.21","Political Science","Debate","Main Building","Room A01","100","t","t","t","60.39","Georgia"
"2023-12-03","Liam","Roberts","liam.roberts@jsuniversity.edu","2002-09-22","2.95","Political Science","Debate","Main Building","Room 101","50","t","f","t","8.58","North Carolina"
"2023-12-03","Evelyn","Gonzalez","evelyn.gonzalez@jsuniversity.edu","2003-06-20","3.18","Political Science","Debate","Main Building","Room A01","100","t","t","t","34.65","New York"
"2023-12-03","Sophia","Gomez","sophia.gomez@jsuniversity.edu","2003-02-28","3.12","Political Science","Debate","Main Building","Room A01","100","t","t","t","36.56","Michigan"
"2023-11-20","Daniel","Miller","daniel.miller@jsuniversity.edu","2002-06-02","3.62","Statistics","Midterm Exam","Arts Building","Room 301","30","f","f","t","41.26","Illinois"
"2023-11-20","Olivia","Anderson","olivia.anderson@jsuniversity.edu","2002-10-05","3.15","Statistics","Midterm Exam","Arts Building","Room 301","30","f","f","t","88.06","Pennsylvania"
"2023-11-20","David","Jones","david.jones@jsuniversity.edu","2002-07-30","2.87","Statistics","Midterm Exam","Science Building","Room 601","60","t","t","t","54.94","Georgia"
"2023-11-20","Ethan","White","ethan.white@jsuniversity.edu","2002-02-22","3.42","Statistics","Midterm Exam","Science Building","Room 601","60","t","t","t","92.24","California"
"2023-11-20","Noah","Wright","noah.wright@jsuniversity.edu","2003-05-12","3.78","Statistics","Midterm Exam","Arts Building","Room 301","30","f","f","t","64.24","Illinois"
"2023-11-20","Isabella","Rodriguez","isabella.rodriguez@jsuniversity.edu","2003-08-02","3.25","Statistics","Midterm Exam","Science Building","Room 601","60","t","t","t","10.07","Pennsylvania"
"2023-11-20","Mason","Sanchez","mason.sanchez@jsuniversity.edu","2003-07-19","3.68","Statistics","Midterm Exam","Science Building","Room 601","60","t","t","t","13.13","Ohio"
"2023-11-20","Liam","Ramirez","liam.ramirez@jsuniversity.edu","2003-11-08","3.21","Statistics","Midterm Exam","Arts Building","Room 301","30","f","f","t","30.70","Georgia"
"2024-01-20","Alice","Johnson","alice.johnson@jsuniversity.edu","2002-08-20","3.12","Statistics","Final Exam","Science Building","Room 201","40","t","t","t","72.76","New York"
"2024-01-20","Michael","Brown","michael.brown@jsuniversity.edu","2002-03-10","3.48","Statistics","Final Exam","Science Building","Room 201","40","t","t","t","76.97","Texas"
"2024-01-20","Emma","Taylor","emma.taylor@jsuniversity.edu","2002-11-28","2.98","Statistics","Final Exam","Science Building","Room 201","40","t","t","t","24.05","Florida"
"2024-01-20","Daniel","Miller","daniel.miller@jsuniversity.edu","2002-06-02","3.62","Statistics","Final Exam","Science Building","Room 201","40","t","t","t","95.68","Illinois"
"2024-01-20","Olivia","Anderson","olivia.anderson@jsuniversity.edu","2002-10-05","3.15","Statistics","Final Exam","Science Building","Room 201","40","t","t","t","77.11","Pennsylvania"
"2024-01-20","Liam","Anderson","liam.anderson@jsuniversity.edu","2002-03-28","3.68","Statistics","Final Exam","Science Building","Room 201","40","t","t","t","53.16","Texas"
"2024-01-20","Sofia","Johnson","sofia.johnson@jsuniversity.edu","2002-07-10","3.15","Statistics","Final Exam","Science Building","Room 201","40","t","t","t","8.64","Florida"
"2024-01-20","Lucas","Davis","lucas.davis@jsuniversity.edu","2002-06-05","3.55","Statistics","Final Exam","Science Building","Room 201","40","t","t","t","68.06","Illinois"
"2024-01-20","Benjamin","Thomas","benjamin.thomas@jsuniversity.edu","2002-08-03","3.78","Statistics","Final Exam","Science Building","Room 201","40","t","t","t","42.40","Ohio"
"2024-01-20","Grace","Wilson","grace.wilson@jsuniversity.edu","2002-02-01","3.25","Statistics","Final Exam","Science Building","Room 201","40","t","t","t","86.04","Michigan"
"2024-01-20","Oliver","Martinez","oliver.martinez@jsuniversity.edu","2003-04-15","3.42","Statistics","Final Exam","Science Building","Room 201","40","t","t","t","22.74","California"
"2024-01-20","Liam","Hernandez","liam.hernandez@jsuniversity.edu","2003-01-10","3.55","Statistics","Final Exam","Science Building","Room 201","40","t","t","t","15.08","Texas"
"2024-01-20","Sophia","Gomez","sophia.gomez@jsuniversity.edu","2003-02-28","3.12","Statistics","Final Exam","Science Building","Room 201","40","t","t","t","39.77","Michigan"
"2023-11-25","John","Smith","john.smith@jsuniversity.edu","2002-05-15","3.25","Philosophy","Midterm Exam","Arts Building","Room 301","30","f","f","t","22.31","California"
"2023-11-25","Alice","Johnson","alice.johnson@jsuniversity.edu","2002-08-20","3.12","Philosophy","Midterm Exam","Science Building","Room 601","60","t","t","t","28.48","New York"
"2023-11-25","Michael","Brown","michael.brown@jsuniversity.edu","2002-03-10","3.48","Philosophy","Midterm Exam","Library","Room 901","90","f","f","t","33.56","Texas"
"2023-11-25","Sophia","Moore","sophia.moore@jsuniversity.edu","2002-04-19","3.75","Philosophy","Midterm Exam","Arts Building","Room 301","30","f","f","t","68.06","Michigan"
"2023-11-25","David","Jones","david.jones@jsuniversity.edu","2002-07-30","2.87","Philosophy","Midterm Exam","Arts Building","Room 301","30","f","f","t","24.58","Georgia"
"2023-11-25","Ava","Garcia","ava.garcia@jsuniversity.edu","2002-01-15","2.98","Philosophy","Midterm Exam","Science Building","Room 601","60","t","t","t","90.32","New York"
"2023-11-25","Chloe","Perez","chloe.perez@jsuniversity.edu","2002-05-18","3.12","Philosophy","Midterm Exam","Library","Room 901","90","f","f","t","56.09","Pennsylvania"
"2023-11-25","Liam","Roberts","liam.roberts@jsuniversity.edu","2002-09-22","2.95","Philosophy","Midterm Exam","Arts Building","Room 301","30","f","f","t","10.48","North Carolina"
"2023-11-25","Liam","Hernandez","liam.hernandez@jsuniversity.edu","2003-01-10","3.55","Philosophy","Midterm Exam","Arts Building","Room 301","30","f","f","t","35.65","Texas"
"2023-11-25","Ava","Lopez","ava.lopez@jsuniversity.edu","2003-09-28","3.05","Philosophy","Midterm Exam","Arts Building","Room 301","30","f","f","t","93.00","Florida"
"2023-11-25","Liam","Ramirez","liam.ramirez@jsuniversity.edu","2003-11-08","3.21","Philosophy","Midterm Exam","Arts Building","Room 301","30","f","f","t","88.13","Georgia"
"2024-01-25","John","Smith","john.smith@jsuniversity.edu","2002-05-15","3.25","Philosophy","Final Exam","Library","Room 501","70","f","f","t","39.24","California"
"2024-01-25","Alice","Johnson","alice.johnson@jsuniversity.edu","2002-08-20","3.12","Philosophy","Final Exam","Library","Room 501","70","f","f","t","27.08","New York"
"2024-01-25","Daniel","Miller","daniel.miller@jsuniversity.edu","2002-06-02","3.62","Philosophy","Final Exam","Library","Room 501","70","f","f","t","95.20","Illinois"
"2024-01-25","William","Wilson","william.wilson@jsuniversity.edu","2002-09-17","3.33","Philosophy","Final Exam","Library","Room 501","70","f","f","t","97.66","Ohio"
"2024-01-25","Liam","Anderson","liam.anderson@jsuniversity.edu","2002-03-28","3.68","Philosophy","Final Exam","Library","Room 501","70","f","f","t","95.56","Texas"
"2024-01-25","Sofia","Johnson","sofia.johnson@jsuniversity.edu","2002-07-10","3.15","Philosophy","Final Exam","Library","Room 501","70","f","f","t","16.30","Florida"
"2024-01-25","Grace","Wilson","grace.wilson@jsuniversity.edu","2002-02-01","3.25","Philosophy","Final Exam","Library","Room 501","70","f","f","t","84.00","Michigan"
"2024-01-25","Evelyn","Gonzalez","evelyn.gonzalez@jsuniversity.edu","2003-06-20","3.18","Philosophy","Final Exam","Library","Room 501","70","f","f","t","35.34","New York"
"2024-01-25","Ava","Lopez","ava.lopez@jsuniversity.edu","2003-09-28","3.05","Philosophy","Final Exam","Library","Room 501","70","f","f","t","6.16","Florida"
"2024-01-25","Noah","Wright","noah.wright@jsuniversity.edu","2003-05-12","3.78","Philosophy","Final Exam","Library","Room 501","70","f","f","t","72.55","Illinois"
"2024-01-25","Sophia","Gomez","sophia.gomez@jsuniversity.edu","2003-02-28","3.12","Philosophy","Final Exam","Library","Room 501","70","f","f","t","18.60","Michigan"
"2024-01-25","Liam","Ramirez","liam.ramirez@jsuniversity.edu","2003-11-08","3.21","Philosophy","Final Exam","Library","Room 501","70","f","f","t","82.92","Georgia"
"2023-11-28","John","Smith","john.smith@jsuniversity.edu","2002-05-15","3.25","Engineering","Midterm Exam","Arts Building","Room 301","30","f","f","t","59.96","California"
"2023-11-28","Alice","Johnson","alice.johnson@jsuniversity.edu","2002-08-20","3.12","Engineering","Midterm Exam","Arts Building","Room 301","30","f","f","t","24.74","New York"
"2023-11-28","Michael","Brown","michael.brown@jsuniversity.edu","2002-03-10","3.48","Engineering","Midterm Exam","Arts Building","Room 301","30","f","f","t","75.24","Texas"
"2023-11-28","Emma","Taylor","emma.taylor@jsuniversity.edu","2002-11-28","2.98","Engineering","Midterm Exam","Arts Building","Room 301","30","f","f","t","63.90","Florida"
"2023-11-28","Daniel","Miller","daniel.miller@jsuniversity.edu","2002-06-02","3.62","Engineering","Midterm Exam","Arts Building","Room 301","30","f","f","t","29.83","Illinois"
"2023-11-28","Olivia","Anderson","olivia.anderson@jsuniversity.edu","2002-10-05","3.15","Engineering","Midterm Exam","Arts Building","Room 301","30","f","f","t","78.68","Pennsylvania"
"2023-11-28","William","Wilson","william.wilson@jsuniversity.edu","2002-09-17","3.33","Engineering","Midterm Exam","Arts Building","Room 301","30","f","f","t","70.12","Ohio"
"2023-11-28","Mia","Clark","mia.clark@jsuniversity.edu","2002-12-08","3.05","Engineering","Midterm Exam","Arts Building","Room 301","30","f","f","t","62.00","North Carolina"
"2023-11-28","Ethan","White","ethan.white@jsuniversity.edu","2002-02-22","3.42","Engineering","Midterm Exam","Arts Building","Room 301","30","f","f","t","79.70","California"
"2023-11-28","Liam","Anderson","liam.anderson@jsuniversity.edu","2002-03-28","3.68","Engineering","Midterm Exam","Arts Building","Room 301","30","f","f","t","52.27","Texas"
"2023-11-28","Liam","Roberts","liam.roberts@jsuniversity.edu","2002-09-22","2.95","Engineering","Midterm Exam","Arts Building","Room 301","30","f","f","t","61.46","North Carolina"
"2023-11-28","Oliver","Martinez","oliver.martinez@jsuniversity.edu","2003-04-15","3.42","Engineering","Midterm Exam","Arts Building","Room 301","30","f","f","t","91.88","California"
"2023-11-28","Liam","Hernandez","liam.hernandez@jsuniversity.edu","2003-01-10","3.55","Engineering","Midterm Exam","Arts Building","Room 301","30","f","f","t","29.30","Texas"
"2023-11-28","Ava","Lopez","ava.lopez@jsuniversity.edu","2003-09-28","3.05","Engineering","Midterm Exam","Arts Building","Room 301","30","f","f","t","81.07","Florida"
"2023-11-28","Isabella","Rodriguez","isabella.rodriguez@jsuniversity.edu","2003-08-02","3.25","Engineering","Midterm Exam","Arts Building","Room 301","30","f","f","t","47.10","Pennsylvania"
"2023-11-28","Mason","Sanchez","mason.sanchez@jsuniversity.edu","2003-07-19","3.68","Engineering","Midterm Exam","Arts Building","Room 301","30","f","f","t","94.14","Ohio"
"2024-01-28","Alice","Johnson","alice.johnson@jsuniversity.edu","2002-08-20","3.12","Engineering","Final Exam","Main Building","Room 101","50","t","f","t","14.40","New York"
"2024-01-28","Emma","Taylor","emma.taylor@jsuniversity.edu","2002-11-28","2.98","Engineering","Final Exam","Main Building","Room 101","50","t","f","t","38.77","Florida"
"2024-01-28","Olivia","Anderson","olivia.anderson@jsuniversity.edu","2002-10-05","3.15","Engineering","Final Exam","Main Building","Room 101","50","t","f","t","20.25","Pennsylvania"
"2024-01-28","William","Wilson","william.wilson@jsuniversity.edu","2002-09-17","3.33","Engineering","Final Exam","Main Building","Room 101","50","t","f","t","92.73","Ohio"
"2024-01-28","Sophia","Moore","sophia.moore@jsuniversity.edu","2002-04-19","3.75","Engineering","Final Exam","Main Building","Room 101","50","t","f","t","90.87","Michigan"
"2024-01-28","David","Jones","david.jones@jsuniversity.edu","2002-07-30","2.87","Engineering","Final Exam","Main Building","Room 101","50","t","f","t","84.05","Georgia"
"2024-01-28","Ethan","White","ethan.white@jsuniversity.edu","2002-02-22","3.42","Engineering","Final Exam","Main Building","Room 101","50","t","f","t","94.65","California"
"2024-01-28","Sofia","Johnson","sofia.johnson@jsuniversity.edu","2002-07-10","3.15","Engineering","Final Exam","Main Building","Room 101","50","t","f","t","95.46","Florida"
"2024-01-28","Lucas","Davis","lucas.davis@jsuniversity.edu","2002-06-05","3.55","Engineering","Final Exam","Main Building","Room 101","50","t","f","t","96.17","Illinois"
"2024-01-28","Chloe","Perez","chloe.perez@jsuniversity.edu","2002-05-18","3.12","Engineering","Final Exam","Main Building","Room 101","50","t","f","t","11.21","Pennsylvania"
"2024-01-28","Benjamin","Thomas","benjamin.thomas@jsuniversity.edu","2002-08-03","3.78","Engineering","Final Exam","Main Building","Room 101","50","t","f","t","88.33","Ohio"
"2024-01-28","Liam","Roberts","liam.roberts@jsuniversity.edu","2002-09-22","2.95","Engineering","Final Exam","Main Building","Room 101","50","t","f","t","20.73","North Carolina"
"2024-01-28","Liam","Hernandez","liam.hernandez@jsuniversity.edu","2003-01-10","3.55","Engineering","Final Exam","Main Building","Room 101","50","t","f","t","62.16","Texas"
"2024-01-28","Ava","Lopez","ava.lopez@jsuniversity.edu","2003-09-28","3.05","Engineering","Final Exam","Main Building","Room 101","50","t","f","t","44.24","Florida"
"2024-01-28","Mason","Sanchez","mason.sanchez@jsuniversity.edu","2003-07-19","3.68","Engineering","Final Exam","Main Building","Room 101","50","t","f","t","33.56","Ohio"
"2024-01-28","Sophia","Gomez","sophia.gomez@jsuniversity.edu","2003-02-28","3.12","Engineering","Final Exam","Main Building","Room 101","50","t","f","t","63.99","Michigan"
"2023-12-10","Michael","Brown","michael.brown@jsuniversity.edu","2002-03-10","3.48","Engineering","Project Presentation","Science Building","Room 601","60","t","t","t","41.03","Texas"
"2023-12-10","Emma","Taylor","emma.taylor@jsuniversity.edu","2002-11-28","2.98","Engineering","Project Presentation","Science Building","Room 601","60","t","t","t","50.45","Florida"
"2023-12-10","Olivia","Anderson","olivia.anderson@jsuniversity.edu","2002-10-05","3.15","Engineering","Project Presentation","Science Building","Room 601","60","t","t","t","40.89","Pennsylvania"
"2023-12-10","Sophia","Moore","sophia.moore@jsuniversity.edu","2002-04-19","3.75","Engineering","Project Presentation","Library","Room 501","70","f","f","t","83.08","Michigan"
"2023-12-10","David","Jones","david.jones@jsuniversity.edu","2002-07-30","2.87","Engineering","Project Presentation","Library","Room 501","70","f","f","t","88.52","Georgia"
"2023-12-10","Liam","Anderson","liam.anderson@jsuniversity.edu","2002-03-28","3.68","Engineering","Project Presentation","Science Building","Room 601","60","t","t","t","44.73","Texas"
"2023-12-10","Sofia","Johnson","sofia.johnson@jsuniversity.edu","2002-07-10","3.15","Engineering","Project Presentation","Library","Room 501","70","f","f","t","80.19","Florida"
"2023-12-10","Lucas","Davis","lucas.davis@jsuniversity.edu","2002-06-05","3.55","Engineering","Project Presentation","Science Building","Room 601","60","t","t","t","91.08","Illinois"
"2023-12-10","Chloe","Perez","chloe.perez@jsuniversity.edu","2002-05-18","3.12","Engineering","Project Presentation","Science Building","Room 601","60","t","t","t","46.88","Pennsylvania"
"2023-12-10","Ella","Moore","ella.moore@jsuniversity.edu","2002-10-14","3.21","Engineering","Project Presentation","Science Building","Room 601","60","t","t","t","28.14","Georgia"
"2023-12-10","Oliver","Martinez","oliver.martinez@jsuniversity.edu","2003-04-15","3.42","Engineering","Project Presentation","Science Building","Room 601","60","t","t","t","82.60","California"
"2023-12-10","Evelyn","Gonzalez","evelyn.gonzalez@jsuniversity.edu","2003-06-20","3.18","Engineering","Project Presentation","Science Building","Room 601","60","t","t","t","31.41","New York"
"2023-12-10","Ava","Lopez","ava.lopez@jsuniversity.edu","2003-09-28","3.05","Engineering","Project Presentation","Library","Room 501","70","f","f","t","90.82","Florida"
"2023-12-10","Noah","Wright","noah.wright@jsuniversity.edu","2003-05-12","3.78","Engineering","Project Presentation","Library","Room 501","70","f","f","t","94.89","Illinois"
"2023-12-10","Isabella","Rodriguez","isabella.rodriguez@jsuniversity.edu","2003-08-02","3.25","Engineering","Project Presentation","Library","Room 501","70","f","f","t","67.78","Pennsylvania"
"2023-12-02","John","Smith","john.smith@jsuniversity.edu","2002-05-15","3.25","Foreign Language","Midterm Exam","Main Building","Room 101","50","t","f","t","61.85","California"
"2023-12-02","Alice","Johnson","alice.johnson@jsuniversity.edu","2002-08-20","3.12","Foreign Language","Midterm Exam","Main Building","Room 101","50","t","f","t","66.45","New York"
"2023-12-02","Michael","Brown","michael.brown@jsuniversity.edu","2002-03-10","3.48","Foreign Language","Midterm Exam","Science Building","Room 601","60","t","t","t","33.93","Texas"
"2023-12-02","Emma","Taylor","emma.taylor@jsuniversity.edu","2002-11-28","2.98","Foreign Language","Midterm Exam","Science Building","Room 601","60","t","t","t","9.06","Florida"
"2023-12-02","Daniel","Miller","daniel.miller@jsuniversity.edu","2002-06-02","3.62","Foreign Language","Midterm Exam","Main Building","Room 101","50","t","f","t","72.11","Illinois"
"2023-12-02","Olivia","Anderson","olivia.anderson@jsuniversity.edu","2002-10-05","3.15","Foreign Language","Midterm Exam","Arts Building","Room 701","70","f","f","t","50.91","Pennsylvania"
"2023-12-02","Sophia","Moore","sophia.moore@jsuniversity.edu","2002-04-19","3.75","Foreign Language","Midterm Exam","Science Building","Room 601","60","t","t","t","24.68","Michigan"
"2023-12-02","Ethan","White","ethan.white@jsuniversity.edu","2002-02-22","3.42","Foreign Language","Midterm Exam","Main Building","Room 101","50","t","f","t","25.66","California"
"2023-11-10","Emma","Taylor","emma.taylor@jsuniversity.edu","2002-11-28","2.98","Sociology","Midterm Exam","Arts Building","Room 301","30","f","f","t","69.24","Florida"
"2023-11-10","Daniel","Miller","daniel.miller@jsuniversity.edu","2002-06-02","3.62","Sociology","Midterm Exam","Engineering Building","Room 401","60","t","t","f","39.39","Illinois"
"2023-11-10","Olivia","Anderson","olivia.anderson@jsuniversity.edu","2002-10-05","3.15","Sociology","Midterm Exam","Arts Building","Room 701","70","f","f","t","26.55","Pennsylvania"
"2023-11-10","William","Wilson","william.wilson@jsuniversity.edu","2002-09-17","3.33","Sociology","Midterm Exam","Arts Building","Room 701","70","f","f","t","97.46","Ohio"
"2023-11-10","David","Jones","david.jones@jsuniversity.edu","2002-07-30","2.87","Sociology","Midterm Exam","Engineering Building","Room 401","60","t","t","f","64.77","Georgia"
"2023-11-10","Ethan","White","ethan.white@jsuniversity.edu","2002-02-22","3.42","Sociology","Midterm Exam","Arts Building","Room 301","30","f","f","t","43.62","California"
"2023-11-10","Liam","Anderson","liam.anderson@jsuniversity.edu","2002-03-28","3.68","Sociology","Midterm Exam","Arts Building","Room 301","30","f","f","t","25.74","Texas"
"2023-11-10","Lucas","Davis","lucas.davis@jsuniversity.edu","2002-06-05","3.55","Sociology","Midterm Exam","Arts Building","Room 701","70","f","f","t","65.22","Illinois"
"2023-11-10","Chloe","Perez","chloe.perez@jsuniversity.edu","2002-05-18","3.12","Sociology","Midterm Exam","Engineering Building","Room 401","60","t","t","f","50.97","Pennsylvania"
"2023-11-10","Benjamin","Thomas","benjamin.thomas@jsuniversity.edu","2002-08-03","3.78","Sociology","Midterm Exam","Arts Building","Room 301","30","f","f","t","81.33","Ohio"
"2023-11-10","Ella","Moore","ella.moore@jsuniversity.edu","2002-10-14","3.21","Sociology","Midterm Exam","Arts Building","Room 301","30","f","f","t","75.35","Georgia"
"2023-11-10","Liam","Roberts","liam.roberts@jsuniversity.edu","2002-09-22","2.95","Sociology","Midterm Exam","Arts Building","Room 301","30","f","f","t","10.68","North Carolina"
"2023-11-10","Ava","Lopez","ava.lopez@jsuniversity.edu","2003-09-28","3.05","Sociology","Midterm Exam","Engineering Building","Room 401","60","t","t","f","13.77","Florida"
"2023-11-10","Noah","Wright","noah.wright@jsuniversity.edu","2003-05-12","3.78","Sociology","Midterm Exam","Engineering Building","Room 401","60","t","t","f","74.81","Illinois"
"2023-11-10","Isabella","Rodriguez","isabella.rodriguez@jsuniversity.edu","2003-08-02","3.25","Sociology","Midterm Exam","Engineering Building","Room 401","60","t","t","f","55.59","Pennsylvania"
"2023-11-10","Mason","Sanchez","mason.sanchez@jsuniversity.edu","2003-07-19","3.68","Sociology","Midterm Exam","Engineering Building","Room 401","60","t","t","f","26.41","Ohio"
"2023-11-10","Harper","Torres","harper.torres@jsuniversity.edu","2003-12-15","3.95","Sociology","Midterm Exam","Arts Building","Room 301","30","f","f","t","79.77","North Carolina"
"2024-01-05","John","Smith","john.smith@jsuniversity.edu","2002-05-15","3.25","Sociology","Final Exam","Library","Room 901","90","f","f","t","45.13","California"
"2024-01-05","Michael","Brown","michael.brown@jsuniversity.edu","2002-03-10","3.48","Sociology","Final Exam","Library","Room 901","90","f","f","t","92.80","Texas"
"2024-01-05","Daniel","Miller","daniel.miller@jsuniversity.edu","2002-06-02","3.62","Sociology","Final Exam","Library","Room 901","90","f","f","t","29.50","Illinois"
"2024-01-05","William","Wilson","william.wilson@jsuniversity.edu","2002-09-17","3.33","Sociology","Final Exam","Library","Room 901","90","f","f","t","46.29","Ohio"
"2024-01-05","Sophia","Moore","sophia.moore@jsuniversity.edu","2002-04-19","3.75","Sociology","Final Exam","Library","Room 901","90","f","f","t","86.96","Michigan"
"2023-12-02","Ava","Garcia","ava.garcia@jsuniversity.edu","2002-01-15","2.98","Foreign Language","Midterm Exam","Main Building","Room 101","50","t","f","t","76.27","New York"
"2023-12-02","Sofia","Johnson","sofia.johnson@jsuniversity.edu","2002-07-10","3.15","Foreign Language","Midterm Exam","Science Building","Room 601","60","t","t","t","83.56","Florida"
"2023-12-02","Lucas","Davis","lucas.davis@jsuniversity.edu","2002-06-05","3.55","Foreign Language","Midterm Exam","Science Building","Room 601","60","t","t","t","23.07","Illinois"
"2023-12-02","Chloe","Perez","chloe.perez@jsuniversity.edu","2002-05-18","3.12","Foreign Language","Midterm Exam","Arts Building","Room 701","70","f","f","t","26.50","Pennsylvania"
"2023-12-02","Benjamin","Thomas","benjamin.thomas@jsuniversity.edu","2002-08-03","3.78","Foreign Language","Midterm Exam","Main Building","Room 101","50","t","f","t","17.25","Ohio"
"2023-12-02","Liam","Roberts","liam.roberts@jsuniversity.edu","2002-09-22","2.95","Foreign Language","Midterm Exam","Science Building","Room 601","60","t","t","t","69.97","North Carolina"
"2024-02-10","Liam","Roberts","liam.roberts@jsuniversity.edu","2002-09-22","2.95","Medicine","Final Exam","Engineering Building","Room 801","80","t","t","f","82.57","North Carolina"
"2024-02-10","Oliver","Martinez","oliver.martinez@jsuniversity.edu","2003-04-15","3.42","Medicine","Final Exam","Engineering Building","Room 801","80","t","t","f","74.32","California"
"2024-02-10","Isabella","Rodriguez","isabella.rodriguez@jsuniversity.edu","2003-08-02","3.25","Medicine","Final Exam","Main Building","Room A01","100","t","t","t","69.12","Pennsylvania"
"2024-02-10","Mason","Sanchez","mason.sanchez@jsuniversity.edu","2003-07-19","3.68","Medicine","Final Exam","Main Building","Room A01","100","t","t","t","55.89","Ohio"
"2023-10-25","Michael","Brown","michael.brown@jsuniversity.edu","2002-03-10","3.48","English","Midterm Exam","Library","Room 501","70","f","f","t","55.17","Texas"
"2023-10-25","Daniel","Miller","daniel.miller@jsuniversity.edu","2002-06-02","3.62","English","Midterm Exam","Science Building","Room 201","40","t","t","t","68.24","Illinois"
"2023-10-25","William","Wilson","william.wilson@jsuniversity.edu","2002-09-17","3.33","English","Midterm Exam","Library","Room 901","90","f","f","t","88.33","Ohio"
"2023-10-25","Sophia","Moore","sophia.moore@jsuniversity.edu","2002-04-19","3.75","English","Midterm Exam","Science Building","Room 201","40","t","t","t","100.00","Michigan"
"2023-10-25","Mia","Clark","mia.clark@jsuniversity.edu","2002-12-08","3.05","English","Midterm Exam","Library","Room 901","90","f","f","t","34.79","North Carolina"
"2023-10-25","Ava","Garcia","ava.garcia@jsuniversity.edu","2002-01-15","2.98","English","Midterm Exam","Science Building","Room 201","40","t","t","t","19.19","New York"
"2023-10-25","Chloe","Perez","chloe.perez@jsuniversity.edu","2002-05-18","3.12","English","Midterm Exam","Library","Room 901","90","f","f","t","60.95","Pennsylvania"
"2023-10-25","Oliver","Martinez","oliver.martinez@jsuniversity.edu","2003-04-15","3.42","English","Midterm Exam","Science Building","Room 201","40","t","t","t","53.92","California"
"2023-10-25","Evelyn","Gonzalez","evelyn.gonzalez@jsuniversity.edu","2003-06-20","3.18","English","Midterm Exam","Library","Room 901","90","f","f","t","24.54","New York"
"2023-10-25","Ava","Lopez","ava.lopez@jsuniversity.edu","2003-09-28","3.05","English","Midterm Exam","Library","Room 901","90","f","f","t","53.27","Florida"
"2023-10-25","Noah","Wright","noah.wright@jsuniversity.edu","2003-05-12","3.78","English","Midterm Exam","Library","Room 901","90","f","f","t","70.92","Illinois"
"2023-10-25","Mason","Sanchez","mason.sanchez@jsuniversity.edu","2003-07-19","3.68","English","Midterm Exam","Science Building","Room 201","40","t","t","t","76.59","Ohio"
"2023-10-25","Sophia","Gomez","sophia.gomez@jsuniversity.edu","2003-02-28","3.12","English","Midterm Exam","Library","Room 901","90","f","f","t","67.40","Michigan"
"2023-10-25","Harper","Torres","harper.torres@jsuniversity.edu","2003-12-15","3.95","English","Midterm Exam","Science Building","Room 201","40","t","t","t","34.99","North Carolina"
"2023-12-20","John","Smith","john.smith@jsuniversity.edu","2002-05-15","3.25","English","Final Exam","Library","Room 501","70","f","f","t","41.06","California"
"2023-12-20","Alice","Johnson","alice.johnson@jsuniversity.edu","2002-08-20","3.12","English","Final Exam","Engineering Building","Room 401","60","t","t","f","34.01","New York"
"2023-12-20","Sophia","Moore","sophia.moore@jsuniversity.edu","2002-04-19","3.75","English","Final Exam","Engineering Building","Room 401","60","t","t","f","91.21","Michigan"
"2023-12-20","Mia","Clark","mia.clark@jsuniversity.edu","2002-12-08","3.05","English","Final Exam","Library","Room 501","70","f","f","t","10.68","North Carolina"
"2023-12-20","Liam","Anderson","liam.anderson@jsuniversity.edu","2002-03-28","3.68","English","Final Exam","Library","Room 501","70","f","f","t","32.12","Texas"
"2023-12-20","Lucas","Davis","lucas.davis@jsuniversity.edu","2002-06-05","3.55","English","Final Exam","Engineering Building","Room 401","60","t","t","f","85.16","Illinois"
"2023-12-20","Chloe","Perez","chloe.perez@jsuniversity.edu","2002-05-18","3.12","English","Final Exam","Library","Room 501","70","f","f","t","56.86","Pennsylvania"
"2023-12-20","Evelyn","Gonzalez","evelyn.gonzalez@jsuniversity.edu","2003-06-20","3.18","English","Final Exam","Library","Room 501","70","f","f","t","95.79","New York"
"2023-12-20","Ava","Lopez","ava.lopez@jsuniversity.edu","2003-09-28","3.05","English","Final Exam","Library","Room 501","70","f","f","t","30.99","Florida"
"2023-12-20","Noah","Wright","noah.wright@jsuniversity.edu","2003-05-12","3.78","English","Final Exam","Library","Room 501","70","f","f","t","33.36","Illinois"
"2023-12-20","Isabella","Rodriguez","isabella.rodriguez@jsuniversity.edu","2003-08-02","3.25","English","Final Exam","Engineering Building","Room 401","60","t","t","f","40.52","Pennsylvania"
"2023-12-20","Sophia","Gomez","sophia.gomez@jsuniversity.edu","2003-02-28","3.12","English","Final Exam","Library","Room 501","70","f","f","t","8.64","Michigan"
"2023-12-20","Harper","Torres","harper.torres@jsuniversity.edu","2003-12-15","3.95","English","Final Exam","Library","Room 501","70","f","f","t","95.09","North Carolina"
"2023-10-28","John","Smith","john.smith@jsuniversity.edu","2002-05-15","3.25","Physics","Midterm Exam","Science Building","Room 601","60","t","t","t","91.25","California"
"2023-10-28","Michael","Brown","michael.brown@jsuniversity.edu","2002-03-10","3.48","Physics","Midterm Exam","Science Building","Room 601","60","t","t","t","98.69","Texas"
"2023-10-28","Emma","Taylor","emma.taylor@jsuniversity.edu","2002-11-28","2.98","Physics","Midterm Exam","Science Building","Room 601","60","t","t","t","72.42","Florida"
"2023-10-28","William","Wilson","william.wilson@jsuniversity.edu","2002-09-17","3.33","Physics","Midterm Exam","Library","Room 501","70","f","f","t","96.17","Ohio"
"2023-10-28","David","Jones","david.jones@jsuniversity.edu","2002-07-30","2.87","Physics","Midterm Exam","Science Building","Room 601","60","t","t","t","46.56","Georgia"
"2023-10-28","Mia","Clark","mia.clark@jsuniversity.edu","2002-12-08","3.05","Physics","Midterm Exam","Science Building","Room 601","60","t","t","t","54.42","North Carolina"
"2023-10-28","Lucas","Davis","lucas.davis@jsuniversity.edu","2002-06-05","3.55","Physics","Midterm Exam","Library","Room 501","70","f","f","t","71.40","Illinois"
"2023-10-28","Ella","Moore","ella.moore@jsuniversity.edu","2002-10-14","3.21","Physics","Midterm Exam","Library","Room 501","70","f","f","t","64.88","Georgia"
"2023-10-28","Evelyn","Gonzalez","evelyn.gonzalez@jsuniversity.edu","2003-06-20","3.18","Physics","Midterm Exam","Library","Room 501","70","f","f","t","20.50","New York"
"2023-10-28","Liam","Hernandez","liam.hernandez@jsuniversity.edu","2003-01-10","3.55","Physics","Midterm Exam","Library","Room 501","70","f","f","t","13.05","Texas"
"2023-10-28","Isabella","Rodriguez","isabella.rodriguez@jsuniversity.edu","2003-08-02","3.25","Physics","Midterm Exam","Library","Room 501","70","f","f","t","80.44","Pennsylvania"
"2023-10-28","Sophia","Gomez","sophia.gomez@jsuniversity.edu","2003-02-28","3.12","Physics","Midterm Exam","Science Building","Room 601","60","t","t","t","72.56","Michigan"
"2023-12-23","Alice","Johnson","alice.johnson@jsuniversity.edu","2002-08-20","3.12","Physics","Final Exam","Engineering Building","Room 801","80","t","t","f","21.20","New York"
"2023-12-23","Michael","Brown","michael.brown@jsuniversity.edu","2002-03-10","3.48","Physics","Final Exam","Main Building","Room 101","50","t","f","t","83.14","Texas"
"2023-12-23","Emma","Taylor","emma.taylor@jsuniversity.edu","2002-11-28","2.98","Physics","Final Exam","Main Building","Room 101","50","t","f","t","41.64","Florida"
"2023-12-23","Daniel","Miller","daniel.miller@jsuniversity.edu","2002-06-02","3.62","Physics","Final Exam","Engineering Building","Room 801","80","t","t","f","70.83","Illinois"
"2023-12-23","Olivia","Anderson","olivia.anderson@jsuniversity.edu","2002-10-05","3.15","Physics","Final Exam","Main Building","Room 101","50","t","f","t","83.56","Pennsylvania"
"2023-12-23","Sophia","Moore","sophia.moore@jsuniversity.edu","2002-04-19","3.75","Physics","Final Exam","Main Building","Room 101","50","t","f","t","75.60","Michigan"
"2023-12-23","David","Jones","david.jones@jsuniversity.edu","2002-07-30","2.87","Physics","Final Exam","Engineering Building","Room 801","80","t","t","f","76.66","Georgia"
"2023-12-23","Ava","Garcia","ava.garcia@jsuniversity.edu","2002-01-15","2.98","Physics","Final Exam","Main Building","Room 101","50","t","f","t","74.07","New York"
"2023-12-23","Liam","Anderson","liam.anderson@jsuniversity.edu","2002-03-28","3.68","Physics","Final Exam","Main Building","Room 101","50","t","f","t","27.91","Texas"
"2023-12-23","Lucas","Davis","lucas.davis@jsuniversity.edu","2002-06-05","3.55","Physics","Final Exam","Main Building","Room 101","50","t","f","t","93.29","Illinois"
"2023-12-23","Chloe","Perez","chloe.perez@jsuniversity.edu","2002-05-18","3.12","Physics","Final Exam","Engineering Building","Room 801","80","t","t","f","44.88","Pennsylvania"
"2023-12-23","Grace","Wilson","grace.wilson@jsuniversity.edu","2002-02-01","3.25","Physics","Final Exam","Engineering Building","Room 801","80","t","t","f","88.55","Michigan"
"2023-12-23","Liam","Roberts","liam.roberts@jsuniversity.edu","2002-09-22","2.95","Physics","Final Exam","Main Building","Room 101","50","t","f","t","23.95","North Carolina"
"2023-12-23","Oliver","Martinez","oliver.martinez@jsuniversity.edu","2003-04-15","3.42","Physics","Final Exam","Engineering Building","Room 801","80","t","t","f","69.15","California"
"2023-12-23","Liam","Hernandez","liam.hernandez@jsuniversity.edu","2003-01-10","3.55","Physics","Final Exam","Main Building","Room 101","50","t","f","t","49.09","Texas"
"2023-11-20","Grace","Wilson","grace.wilson@jsuniversity.edu","2002-02-01","3.25","Art","Project Presentation","Main Building","Room A01","100","t","t","t","36.39","Michigan"
"2023-11-20","Liam","Roberts","liam.roberts@jsuniversity.edu","2002-09-22","2.95","Art","Project Presentation","Arts Building","Room 301","30","f","f","t","22.51","North Carolina"
"2023-11-20","Liam","Hernandez","liam.hernandez@jsuniversity.edu","2003-01-10","3.55","Art","Project Presentation","Engineering Building","Room 401","60","t","t","f","14.93","Texas"
"2023-11-20","Noah","Wright","noah.wright@jsuniversity.edu","2003-05-12","3.78","Art","Project Presentation","Arts Building","Room 301","30","f","f","t","80.01","Illinois"
"2023-11-20","Isabella","Rodriguez","isabella.rodriguez@jsuniversity.edu","2003-08-02","3.25","Art","Project Presentation","Arts Building","Room 301","30","f","f","t","74.95","Pennsylvania"
"2023-11-20","Mason","Sanchez","mason.sanchez@jsuniversity.edu","2003-07-19","3.68","Art","Project Presentation","Engineering Building","Room 401","60","t","t","f","44.65","Ohio"
"2023-11-20","Sophia","Gomez","sophia.gomez@jsuniversity.edu","2003-02-28","3.12","Art","Project Presentation","Engineering Building","Room 401","60","t","t","f","37.12","Michigan"
"2023-11-20","Harper","Torres","harper.torres@jsuniversity.edu","2003-12-15","3.95","Art","Project Presentation","Engineering Building","Room 401","60","t","t","f","26.13","North Carolina"
"2023-11-02","John","Smith","john.smith@jsuniversity.edu","2002-05-15","3.25","Economics","Midterm Exam","Arts Building","Room 301","30","f","f","t","41.65","California"
"2023-11-02","Alice","Johnson","alice.johnson@jsuniversity.edu","2002-08-20","3.12","Economics","Midterm Exam","Arts Building","Room 301","30","f","f","t","26.06","New York"
"2023-11-02","Michael","Brown","michael.brown@jsuniversity.edu","2002-03-10","3.48","Economics","Midterm Exam","Arts Building","Room 301","30","f","f","t","44.97","Texas"
"2023-11-02","Daniel","Miller","daniel.miller@jsuniversity.edu","2002-06-02","3.62","Economics","Midterm Exam","Arts Building","Room 301","30","f","f","t","81.72","Illinois"
"2023-11-02","Olivia","Anderson","olivia.anderson@jsuniversity.edu","2002-10-05","3.15","Economics","Midterm Exam","Arts Building","Room 301","30","f","f","t","93.09","Pennsylvania"
"2023-11-02","Sophia","Moore","sophia.moore@jsuniversity.edu","2002-04-19","3.75","Economics","Midterm Exam","Arts Building","Room 701","70","f","f","t","81.01","Michigan"
"2023-11-02","David","Jones","david.jones@jsuniversity.edu","2002-07-30","2.87","Economics","Midterm Exam","Arts Building","Room 301","30","f","f","t","8.01","Georgia"
"2023-11-02","Mia","Clark","mia.clark@jsuniversity.edu","2002-12-08","3.05","Economics","Midterm Exam","Arts Building","Room 701","70","f","f","t","89.94","North Carolina"
"2023-11-02","Ethan","White","ethan.white@jsuniversity.edu","2002-02-22","3.42","Economics","Midterm Exam","Arts Building","Room 301","30","f","f","t","15.96","California"
"2023-11-02","Ava","Garcia","ava.garcia@jsuniversity.edu","2002-01-15","2.98","Economics","Midterm Exam","Arts Building","Room 301","30","f","f","t","16.42","New York"
"2023-11-02","Sofia","Johnson","sofia.johnson@jsuniversity.edu","2002-07-10","3.15","Economics","Midterm Exam","Arts Building","Room 301","30","f","f","t","28.97","Florida"
"2023-11-02","Lucas","Davis","lucas.davis@jsuniversity.edu","2002-06-05","3.55","Economics","Midterm Exam","Arts Building","Room 701","70","f","f","t","23.84","Illinois"
"2023-11-02","Benjamin","Thomas","benjamin.thomas@jsuniversity.edu","2002-08-03","3.78","Economics","Midterm Exam","Arts Building","Room 301","30","f","f","t","37.39","Ohio"
"2023-11-02","Grace","Wilson","grace.wilson@jsuniversity.edu","2002-02-01","3.25","Economics","Midterm Exam","Arts Building","Room 301","30","f","f","t","94.49","Michigan"
"2023-11-02","Liam","Roberts","liam.roberts@jsuniversity.edu","2002-09-22","2.95","Economics","Midterm Exam","Arts Building","Room 301","30","f","f","t","37.61","North Carolina"
"2023-11-02","Evelyn","Gonzalez","evelyn.gonzalez@jsuniversity.edu","2003-06-20","3.18","Economics","Midterm Exam","Arts Building","Room 301","30","f","f","t","49.57","New York"
"2023-11-02","Ava","Lopez","ava.lopez@jsuniversity.edu","2003-09-28","3.05","Economics","Midterm Exam","Arts Building","Room 301","30","f","f","t","51.35","Florida"
"2023-11-02","Sophia","Gomez","sophia.gomez@jsuniversity.edu","2003-02-28","3.12","Economics","Midterm Exam","Arts Building","Room 301","30","f","f","t","76.39","Michigan"
"2023-11-02","Harper","Torres","harper.torres@jsuniversity.edu","2003-12-15","3.95","Economics","Midterm Exam","Arts Building","Room 301","30","f","f","t","78.74","North Carolina"
"2023-12-30","John","Smith","john.smith@jsuniversity.edu","2002-05-15","3.25","Economics","Final Exam","Engineering Building","Room 801","80","t","t","f","94.94","California"
"2023-12-30","Emma","Taylor","emma.taylor@jsuniversity.edu","2002-11-28","2.98","Economics","Final Exam","Engineering Building","Room 801","80","t","t","f","89.15","Florida"
"2023-12-30","Daniel","Miller","daniel.miller@jsuniversity.edu","2002-06-02","3.62","Economics","Final Exam","Library","Room 901","90","f","f","t","59.40","Illinois"
"2023-12-30","Sophia","Moore","sophia.moore@jsuniversity.edu","2002-04-19","3.75","Economics","Final Exam","Library","Room 901","90","f","f","t","64.32","Michigan"
"2023-12-30","Mia","Clark","mia.clark@jsuniversity.edu","2002-12-08","3.05","Economics","Final Exam","Library","Room 901","90","f","f","t","37.50","North Carolina"
"2023-12-30","Ava","Garcia","ava.garcia@jsuniversity.edu","2002-01-15","2.98","Economics","Final Exam","Engineering Building","Room 801","80","t","t","f","94.51","New York"
"2023-12-30","Sofia","Johnson","sofia.johnson@jsuniversity.edu","2002-07-10","3.15","Economics","Final Exam","Engineering Building","Room 801","80","t","t","f","41.72","Florida"
"2023-12-30","Lucas","Davis","lucas.davis@jsuniversity.edu","2002-06-05","3.55","Economics","Final Exam","Engineering Building","Room 801","80","t","t","f","35.22","Illinois"
"2023-12-30","Chloe","Perez","chloe.perez@jsuniversity.edu","2002-05-18","3.12","Economics","Final Exam","Library","Room 901","90","f","f","t","9.02","Pennsylvania"
"2023-12-30","Benjamin","Thomas","benjamin.thomas@jsuniversity.edu","2002-08-03","3.78","Economics","Final Exam","Engineering Building","Room 801","80","t","t","f","27.65","Ohio"
"2023-12-30","Grace","Wilson","grace.wilson@jsuniversity.edu","2002-02-01","3.25","Economics","Final Exam","Engineering Building","Room 801","80","t","t","f","47.45","Michigan"
"2023-12-30","Ella","Moore","ella.moore@jsuniversity.edu","2002-10-14","3.21","Economics","Final Exam","Engineering Building","Room 801","80","t","t","f","7.48","Georgia"
"2023-12-30","Liam","Roberts","liam.roberts@jsuniversity.edu","2002-09-22","2.95","Economics","Final Exam","Engineering Building","Room 801","80","t","t","f","26.13","North Carolina"
"2023-12-30","Oliver","Martinez","oliver.martinez@jsuniversity.edu","2003-04-15","3.42","Economics","Final Exam","Engineering Building","Room 801","80","t","t","f","98.53","California"
"2023-12-30","Liam","Hernandez","liam.hernandez@jsuniversity.edu","2003-01-10","3.55","Economics","Final Exam","Library","Room 901","90","f","f","t","28.30","Texas"
"2023-12-30","Ava","Lopez","ava.lopez@jsuniversity.edu","2003-09-28","3.05","Economics","Final Exam","Engineering Building","Room 801","80","t","t","f","69.09","Florida"
"2023-12-30","Isabella","Rodriguez","isabella.rodriguez@jsuniversity.edu","2003-08-02","3.25","Economics","Final Exam","Engineering Building","Room 801","80","t","t","f","36.73","Pennsylvania"
"2023-12-30","Sophia","Gomez","sophia.gomez@jsuniversity.edu","2003-02-28","3.12","Economics","Final Exam","Engineering Building","Room 801","80","t","t","f","38.00","Michigan"
"2023-11-25","Michael","Brown","michael.brown@jsuniversity.edu","2002-03-10","3.48","Economics","Term Paper","Science Building","Room 601","60","t","t","t","29.88","Texas"
"2023-12-02","Evelyn","Gonzalez","evelyn.gonzalez@jsuniversity.edu","2003-06-20","3.18","Foreign Language","Midterm Exam","Arts Building","Room 701","70","f","f","t","39.37","New York"
"2023-12-02","Liam","Hernandez","liam.hernandez@jsuniversity.edu","2003-01-10","3.55","Foreign Language","Midterm Exam","Science Building","Room 601","60","t","t","t","23.57","Texas"
"2023-12-02","Ava","Lopez","ava.lopez@jsuniversity.edu","2003-09-28","3.05","Foreign Language","Midterm Exam","Science Building","Room 601","60","t","t","t","22.43","Florida"
"2023-12-02","Isabella","Rodriguez","isabella.rodriguez@jsuniversity.edu","2003-08-02","3.25","Foreign Language","Midterm Exam","Main Building","Room 101","50","t","f","t","83.57","Pennsylvania"
"2023-12-02","Mason","Sanchez","mason.sanchez@jsuniversity.edu","2003-07-19","3.68","Foreign Language","Midterm Exam","Main Building","Room 101","50","t","f","t","79.14","Ohio"
"2023-12-02","Liam","Ramirez","liam.ramirez@jsuniversity.edu","2003-11-08","3.21","Foreign Language","Midterm Exam","Science Building","Room 601","60","t","t","t","9.89","Georgia"
"2023-12-02","Harper","Torres","harper.torres@jsuniversity.edu","2003-12-15","3.95","Foreign Language","Midterm Exam","Main Building","Room 101","50","t","f","t","24.65","North Carolina"
"2024-02-02","John","Smith","john.smith@jsuniversity.edu","2002-05-15","3.25","Foreign Language","Final Exam","Library","Room 901","90","f","f","t","30.92","California"
"2024-02-02","Alice","Johnson","alice.johnson@jsuniversity.edu","2002-08-20","3.12","Foreign Language","Final Exam","Library","Room 901","90","f","f","t","70.47","New York"
"2024-02-02","Michael","Brown","michael.brown@jsuniversity.edu","2002-03-10","3.48","Foreign Language","Final Exam","Library","Room 901","90","f","f","t","67.61","Texas"
"2024-02-02","Mia","Clark","mia.clark@jsuniversity.edu","2002-12-08","3.05","Foreign Language","Final Exam","Library","Room 901","90","f","f","t","46.84","North Carolina"
"2024-02-02","Ethan","White","ethan.white@jsuniversity.edu","2002-02-22","3.42","Foreign Language","Final Exam","Library","Room 901","90","f","f","t","49.57","California"
"2024-02-02","Ava","Garcia","ava.garcia@jsuniversity.edu","2002-01-15","2.98","Foreign Language","Final Exam","Library","Room 901","90","f","f","t","53.66","New York"
"2024-02-02","Liam","Anderson","liam.anderson@jsuniversity.edu","2002-03-28","3.68","Foreign Language","Final Exam","Library","Room 901","90","f","f","t","99.88","Texas"
"2024-02-02","Sofia","Johnson","sofia.johnson@jsuniversity.edu","2002-07-10","3.15","Foreign Language","Final Exam","Library","Room 901","90","f","f","t","46.04","Florida"
"2024-02-02","Lucas","Davis","lucas.davis@jsuniversity.edu","2002-06-05","3.55","Foreign Language","Final Exam","Library","Room 901","90","f","f","t","44.48","Illinois"
"2024-02-02","Grace","Wilson","grace.wilson@jsuniversity.edu","2002-02-01","3.25","Foreign Language","Final Exam","Library","Room 901","90","f","f","t","76.44","Michigan"
"2024-02-02","Liam","Roberts","liam.roberts@jsuniversity.edu","2002-09-22","2.95","Foreign Language","Final Exam","Library","Room 901","90","f","f","t","58.37","North Carolina"
"2024-02-02","Oliver","Martinez","oliver.martinez@jsuniversity.edu","2003-04-15","3.42","Foreign Language","Final Exam","Library","Room 901","90","f","f","t","82.66","California"
"2024-02-02","Ava","Lopez","ava.lopez@jsuniversity.edu","2003-09-28","3.05","Foreign Language","Final Exam","Library","Room 901","90","f","f","t","25.55","Florida"
"2024-02-02","Noah","Wright","noah.wright@jsuniversity.edu","2003-05-12","3.78","Foreign Language","Final Exam","Library","Room 901","90","f","f","t","15.12","Illinois"
"2024-02-02","Mason","Sanchez","mason.sanchez@jsuniversity.edu","2003-07-19","3.68","Foreign Language","Final Exam","Library","Room 901","90","f","f","t","39.01","Ohio"
"2024-02-02","Sophia","Gomez","sophia.gomez@jsuniversity.edu","2003-02-28","3.12","Foreign Language","Final Exam","Library","Room 901","90","f","f","t","38.26","Michigan"
"2024-02-02","Liam","Ramirez","liam.ramirez@jsuniversity.edu","2003-11-08","3.21","Foreign Language","Final Exam","Library","Room 901","90","f","f","t","92.29","Georgia"
"2024-02-02","Harper","Torres","harper.torres@jsuniversity.edu","2003-12-15","3.95","Foreign Language","Final Exam","Library","Room 901","90","f","f","t","97.63","North Carolina"
"2023-12-05","Michael","Brown","michael.brown@jsuniversity.edu","2002-03-10","3.48","Physical Education","Midterm Exam","Science Building","Room 601","60","t","t","t","72.01","Texas"
"2023-12-05","Emma","Taylor","emma.taylor@jsuniversity.edu","2002-11-28","2.98","Physical Education","Midterm Exam","Engineering Building","Room 401","60","t","t","f","73.87","Florida"
"2023-12-05","William","Wilson","william.wilson@jsuniversity.edu","2002-09-17","3.33","Physical Education","Midterm Exam","Science Building","Room 601","60","t","t","t","85.28","Ohio"
"2023-12-05","Ethan","White","ethan.white@jsuniversity.edu","2002-02-22","3.42","Physical Education","Midterm Exam","Science Building","Room 601","60","t","t","t","17.53","California"
"2023-12-05","Ava","Garcia","ava.garcia@jsuniversity.edu","2002-01-15","2.98","Physical Education","Midterm Exam","Science Building","Room 601","60","t","t","t","85.44","New York"
"2023-12-05","Liam","Anderson","liam.anderson@jsuniversity.edu","2002-03-28","3.68","Physical Education","Midterm Exam","Engineering Building","Room 401","60","t","t","f","52.94","Texas"
"2023-12-05","Sofia","Johnson","sofia.johnson@jsuniversity.edu","2002-07-10","3.15","Physical Education","Midterm Exam","Engineering Building","Room 401","60","t","t","f","8.38","Florida"
"2023-12-05","Grace","Wilson","grace.wilson@jsuniversity.edu","2002-02-01","3.25","Physical Education","Midterm Exam","Engineering Building","Room 401","60","t","t","f","26.22","Michigan"
"2023-12-05","Ella","Moore","ella.moore@jsuniversity.edu","2002-10-14","3.21","Physical Education","Midterm Exam","Engineering Building","Room 401","60","t","t","f","39.60","Georgia"
"2023-12-05","Ava","Lopez","ava.lopez@jsuniversity.edu","2003-09-28","3.05","Physical Education","Midterm Exam","Engineering Building","Room 401","60","t","t","f","61.44","Florida"
"2023-12-05","Noah","Wright","noah.wright@jsuniversity.edu","2003-05-12","3.78","Physical Education","Midterm Exam","Science Building","Room 601","60","t","t","t","93.04","Illinois"
"2023-12-05","Mason","Sanchez","mason.sanchez@jsuniversity.edu","2003-07-19","3.68","Physical Education","Midterm Exam","Science Building","Room 601","60","t","t","t","48.94","Ohio"
"2023-12-05","Liam","Ramirez","liam.ramirez@jsuniversity.edu","2003-11-08","3.21","Physical Education","Midterm Exam","Engineering Building","Room 401","60","t","t","f","64.94","Georgia"
"2023-12-05","Harper","Torres","harper.torres@jsuniversity.edu","2003-12-15","3.95","Physical Education","Midterm Exam","Science Building","Room 601","60","t","t","t","100.00","North Carolina"
"2024-02-05","Alice","Johnson","alice.johnson@jsuniversity.edu","2002-08-20","3.12","Physical Education","Final Exam","Science Building","Room 601","60","t","t","t","36.39","New York"
"2024-02-05","Emma","Taylor","emma.taylor@jsuniversity.edu","2002-11-28","2.98","Physical Education","Final Exam","Science Building","Room 601","60","t","t","t","64.09","Florida"
"2024-02-05","William","Wilson","william.wilson@jsuniversity.edu","2002-09-17","3.33","Physical Education","Final Exam","Science Building","Room 601","60","t","t","t","35.87","Ohio"
"2024-02-05","Sophia","Moore","sophia.moore@jsuniversity.edu","2002-04-19","3.75","Physical Education","Final Exam","Engineering Building","Room 401","60","t","t","f","16.26","Michigan"
"2024-02-05","Ethan","White","ethan.white@jsuniversity.edu","2002-02-22","3.42","Physical Education","Final Exam","Engineering Building","Room 401","60","t","t","f","23.10","California"
"2024-02-05","Ava","Garcia","ava.garcia@jsuniversity.edu","2002-01-15","2.98","Physical Education","Final Exam","Science Building","Room 601","60","t","t","t","82.92","New York"
"2024-02-05","Liam","Anderson","liam.anderson@jsuniversity.edu","2002-03-28","3.68","Physical Education","Final Exam","Science Building","Room 601","60","t","t","t","13.56","Texas"
"2024-02-05","Ella","Moore","ella.moore@jsuniversity.edu","2002-10-14","3.21","Physical Education","Final Exam","Engineering Building","Room 401","60","t","t","f","43.09","Georgia"
"2024-02-05","Evelyn","Gonzalez","evelyn.gonzalez@jsuniversity.edu","2003-06-20","3.18","Physical Education","Final Exam","Engineering Building","Room 401","60","t","t","f","11.56","New York"
"2024-02-05","Liam","Hernandez","liam.hernandez@jsuniversity.edu","2003-01-10","3.55","Physical Education","Final Exam","Engineering Building","Room 401","60","t","t","f","68.67","Texas"
"2024-02-05","Noah","Wright","noah.wright@jsuniversity.edu","2003-05-12","3.78","Physical Education","Final Exam","Engineering Building","Room 401","60","t","t","f","27.30","Illinois"
"2024-02-05","Mason","Sanchez","mason.sanchez@jsuniversity.edu","2003-07-19","3.68","Physical Education","Final Exam","Engineering Building","Room 401","60","t","t","f","53.14","Ohio"
"2024-02-05","Sophia","Gomez","sophia.gomez@jsuniversity.edu","2003-02-28","3.12","Physical Education","Final Exam","Engineering Building","Room 401","60","t","t","f","72.64","Michigan"
"2023-12-20","Alice","Johnson","alice.johnson@jsuniversity.edu","2002-08-20","3.12","Physical Education","Fitness Test","Main Building","Room 101","50","t","f","t","49.46","New York"
"2023-12-20","Emma","Taylor","emma.taylor@jsuniversity.edu","2002-11-28","2.98","Physical Education","Fitness Test","Library","Room 501","70","f","f","t","33.25","Florida"
"2023-12-20","Olivia","Anderson","olivia.anderson@jsuniversity.edu","2002-10-05","3.15","Physical Education","Fitness Test","Library","Room 501","70","f","f","t","48.77","Pennsylvania"
"2023-12-20","Ava","Garcia","ava.garcia@jsuniversity.edu","2002-01-15","2.98","Physical Education","Fitness Test","Main Building","Room 101","50","t","f","t","11.85","New York"
"2023-12-20","Liam","Anderson","liam.anderson@jsuniversity.edu","2002-03-28","3.68","Physical Education","Fitness Test","Library","Room 501","70","f","f","t","63.25","Texas"
"2023-12-20","Sofia","Johnson","sofia.johnson@jsuniversity.edu","2002-07-10","3.15","Physical Education","Fitness Test","Library","Room 501","70","f","f","t","45.29","Florida"
"2023-12-20","Benjamin","Thomas","benjamin.thomas@jsuniversity.edu","2002-08-03","3.78","Physical Education","Fitness Test","Arts Building","Room 701","70","f","f","t","33.20","Ohio"
"2023-12-20","Ella","Moore","ella.moore@jsuniversity.edu","2002-10-14","3.21","Physical Education","Fitness Test","Library","Room 501","70","f","f","t","24.14","Georgia"
"2023-12-20","Evelyn","Gonzalez","evelyn.gonzalez@jsuniversity.edu","2003-06-20","3.18","Physical Education","Fitness Test","Arts Building","Room 701","70","f","f","t","15.41","New York"
"2023-12-20","Liam","Hernandez","liam.hernandez@jsuniversity.edu","2003-01-10","3.55","Physical Education","Fitness Test","Arts Building","Room 701","70","f","f","t","12.13","Texas"
"2023-12-20","Noah","Wright","noah.wright@jsuniversity.edu","2003-05-12","3.78","Physical Education","Fitness Test","Arts Building","Room 701","70","f","f","t","18.64","Illinois"
"2023-12-20","Isabella","Rodriguez","isabella.rodriguez@jsuniversity.edu","2003-08-02","3.25","Physical Education","Fitness Test","Library","Room 501","70","f","f","t","90.38","Pennsylvania"
"2023-12-20","Harper","Torres","harper.torres@jsuniversity.edu","2003-12-15","3.95","Physical Education","Fitness Test","Library","Room 501","70","f","f","t","57.14","North Carolina"
"2023-12-10","John","Smith","john.smith@jsuniversity.edu","2002-05-15","3.25","Medicine","Midterm Exam","Engineering Building","Room 801","80","t","t","f","37.45","California"
"2023-12-10","Alice","Johnson","alice.johnson@jsuniversity.edu","2002-08-20","3.12","Medicine","Midterm Exam","Main Building","Room 101","50","t","f","t","31.51","New York"
"2023-12-10","Michael","Brown","michael.brown@jsuniversity.edu","2002-03-10","3.48","Medicine","Midterm Exam","Science Building","Room 601","60","t","t","t","22.67","Texas"
"2023-12-10","Emma","Taylor","emma.taylor@jsuniversity.edu","2002-11-28","2.98","Medicine","Midterm Exam","Main Building","Room 101","50","t","f","t","54.10","Florida"
"2023-12-10","William","Wilson","william.wilson@jsuniversity.edu","2002-09-17","3.33","Medicine","Midterm Exam","Engineering Building","Room 801","80","t","t","f","43.13","Ohio"
"2023-12-10","Sophia","Moore","sophia.moore@jsuniversity.edu","2002-04-19","3.75","Medicine","Midterm Exam","Engineering Building","Room 801","80","t","t","f","74.77","Michigan"
"2023-12-10","Mia","Clark","mia.clark@jsuniversity.edu","2002-12-08","3.05","Medicine","Midterm Exam","Science Building","Room 601","60","t","t","t","44.42","North Carolina"
"2023-12-10","Liam","Anderson","liam.anderson@jsuniversity.edu","2002-03-28","3.68","Medicine","Midterm Exam","Engineering Building","Room 801","80","t","t","f","59.26","Texas"
"2023-12-10","Sofia","Johnson","sofia.johnson@jsuniversity.edu","2002-07-10","3.15","Medicine","Midterm Exam","Main Building","Room 101","50","t","f","t","22.76","Florida"
"2023-12-10","Chloe","Perez","chloe.perez@jsuniversity.edu","2002-05-18","3.12","Medicine","Midterm Exam","Main Building","Room 101","50","t","f","t","32.59","Pennsylvania"
"2023-12-10","Liam","Roberts","liam.roberts@jsuniversity.edu","2002-09-22","2.95","Medicine","Midterm Exam","Engineering Building","Room 801","80","t","t","f","71.48","North Carolina"
"2023-12-10","Oliver","Martinez","oliver.martinez@jsuniversity.edu","2003-04-15","3.42","Medicine","Midterm Exam","Science Building","Room 601","60","t","t","t","77.95","California"
"2024-02-10","Alice","Johnson","alice.johnson@jsuniversity.edu","2002-08-20","3.12","Medicine","Final Exam","Engineering Building","Room 801","80","t","t","f","46.93","New York"
"2024-02-10","Daniel","Miller","daniel.miller@jsuniversity.edu","2002-06-02","3.62","Medicine","Final Exam","Main Building","Room A01","100","t","t","t","62.17","Illinois"
"2024-02-10","Ethan","White","ethan.white@jsuniversity.edu","2002-02-22","3.42","Medicine","Final Exam","Main Building","Room A01","100","t","t","t","92.38","California"
"2024-02-10","Ava","Garcia","ava.garcia@jsuniversity.edu","2002-01-15","2.98","Medicine","Final Exam","Main Building","Room A01","100","t","t","t","31.23","New York"
"2024-02-10","Sofia","Johnson","sofia.johnson@jsuniversity.edu","2002-07-10","3.15","Medicine","Final Exam","Engineering Building","Room 801","80","t","t","f","21.44","Florida"
"2024-02-10","Lucas","Davis","lucas.davis@jsuniversity.edu","2002-06-05","3.55","Medicine","Final Exam","Main Building","Room A01","100","t","t","t","13.79","Illinois"
